checked_at,origin,dest,option,hub,price_rub,price_eur,eur_rate,depart_month,detail,link1,link2
2026-07-03 08:43,MOW,VCE,Любой маршрут (мин.),,18018,203,88.7069,2026-09,вылет 2026-09-29 · 2 перес. · 25 ч 40 мин · a/к 3F,,
2026-07-03 08:43,MOW,VCE,Через Ереван,EVN,15918,179,88.7069,2026-09,Ереван: 9 442 ₽ + 6 476 ₽,,
2026-07-03 08:43,MOW,VCE,Через Турцию,IST,17568,198,88.7069,2026-09,Стамбул IST: 11 109 ₽ + 6 459 ₽,,
2026-07-03 08:43,MOW,VCE,Через Белград,BEG,27690,312,88.7069,2026-09,Белград: 22 001 ₽ + 5 689 ₽,,
2026-07-03 08:43,MOW,TSF,Любой маршрут (мин.),,19260,217,88.7069,2026-09,вылет 2026-09-30 · 2 перес. · 43 ч 50 мин · a/к UT,,
2026-07-03 08:43,MOW,TSF,Через Ереван,EVN,15918,179,88.7069,2026-09,Ереван: 9 442 ₽ + 6 476 ₽,,
2026-07-03 08:43,MOW,TSF,Через Турцию,IST,17830,201,88.7069,2026-09,Стамбул IST: 11 109 ₽ + 6 721 ₽,,
2026-07-03 08:43,MOW,TSF,Через Белград,BEG,27690,312,88.7069,2026-09,Белград: 22 001 ₽ + 5 689 ₽,,
2026-07-03 08:43,LED,VCE,Любой маршрут (мин.),,22675,256,88.7069,2026-09,вылет 2026-09-29 · 2 перес. · 37 ч 20 мин · a/к VF,,
2026-07-03 08:43,LED,VCE,Через Ереван,EVN,18996,214,88.7069,2026-09,Ереван: 12 520 ₽ + 6 476 ₽,,
2026-07-03 08:43,LED,VCE,Через Турцию,IST,20939,236,88.7069,2026-09,Стамбул IST: 14 480 ₽ + 6 459 ₽,,
2026-07-03 08:43,LED,VCE,Через Белград,BEG,29298,330,88.7069,2026-09,Белград: 23 609 ₽ + 5 689 ₽,,
2026-07-03 08:43,LED,TSF,Любой маршрут (мин.),,23543,265,88.7069,2026-09,вылет 2026-09-27 · 2 перес. · 36 ч 50 мин · a/к PC,,
2026-07-03 08:43,LED,TSF,Через Ереван,EVN,18996,214,88.7069,2026-09,Ереван: 12 520 ₽ + 6 476 ₽,,
2026-07-03 08:43,LED,TSF,Через Турцию,IST,21201,239,88.7069,2026-09,Стамбул IST: 14 480 ₽ + 6 721 ₽,,
2026-07-03 08:43,LED,TSF,Через Белград,BEG,29298,330,88.7069,2026-09,Белград: 23 609 ₽ + 5 689 ₽,,
2026-07-03 09:32,MOW,VCE,Любой маршрут (мин.),,18267,206,88.7069,2026-09,вылет 2026-09-29 · 2 перес. · 25 ч 40 мин · a/к 3F,,
2026-07-03 09:32,MOW,VCE,Через Ереван,EVN,15538,175,88.7069,2026-09,Ереван: 9 442 ₽ + 6 096 ₽,,
2026-07-03 09:32,MOW,VCE,Через Турцию,IST,17568,198,88.7069,2026-09,Стамбул IST: 11 109 ₽ + 6 459 ₽,,
2026-07-03 09:32,MOW,VCE,Через Белград,BEG,27729,313,88.7069,2026-09,Белград: 22 040 ₽ + 5 689 ₽,,
2026-07-03 09:32,MOW,TSF,Любой маршрут (мин.),,19260,217,88.7069,2026-09,вылет 2026-09-30 · 2 перес. · 43 ч 50 мин · a/к UT,,
2026-07-03 09:32,MOW,TSF,Через Ереван,EVN,15538,175,88.7069,2026-09,Ереван: 9 442 ₽ + 6 096 ₽,,
2026-07-03 09:32,MOW,TSF,Через Турцию,IST,17830,201,88.7069,2026-09,Стамбул IST: 11 109 ₽ + 6 721 ₽,,
2026-07-03 09:32,MOW,TSF,Через Белград,BEG,27729,313,88.7069,2026-09,Белград: 22 040 ₽ + 5 689 ₽,,
2026-07-03 09:32,LED,VCE,Любой маршрут (мин.),,22675,256,88.7069,2026-09,вылет 2026-09-29 · 2 перес. · 37 ч 20 мин · a/к VF,,
2026-07-03 09:32,LED,VCE,Через Ереван,EVN,18655,210,88.7069,2026-09,Ереван: 12 559 ₽ + 6 096 ₽,,
2026-07-03 09:32,LED,VCE,Через Турцию,IST,20940,236,88.7069,2026-09,Стамбул IST: 14 481 ₽ + 6 459 ₽,,
2026-07-03 09:32,LED,VCE,Через Белград,BEG,30335,342,88.7069,2026-09,Белград: 24 646 ₽ + 5 689 ₽,,
2026-07-03 09:32,LED,TSF,Любой маршрут (мин.),,23543,265,88.7069,2026-09,вылет 2026-09-27 · 2 перес. · 36 ч 50 мин · a/к PC,,
2026-07-03 09:32,LED,TSF,Через Ереван,EVN,18655,210,88.7069,2026-09,Ереван: 12 559 ₽ + 6 096 ₽,,
2026-07-03 09:32,LED,TSF,Через Турцию,IST,21202,239,88.7069,2026-09,Стамбул IST: 14 481 ₽ + 6 721 ₽,,
2026-07-03 09:32,LED,TSF,Через Белград,BEG,30335,342,88.7069,2026-09,Белград: 24 646 ₽ + 5 689 ₽,,
2026-07-03 20:21,MOW,VCE,Любой маршрут (мин.),,18106,206,88.0304,2026-09,вылет 2026-09-29 · 2 перес. · 25 ч 40 мин · a/к 3F,,
2026-07-03 20:21,MOW,VCE,Через Ереван,EVN,15715,179,88.0304,2026-09,Ереван: 9 387 ₽ + 6 328 ₽,,
2026-07-03 20:21,MOW,VCE,Через Турцию,IST,17143,195,88.0304,2026-09,Стамбул IST: 11 108 ₽ + 6 035 ₽,,
2026-07-03 20:21,MOW,VCE,Через Белград,BEG,27646,314,88.0304,2026-09,Белград: 21 957 ₽ + 5 689 ₽,,
2026-07-03 20:21,MOW,TSF,Любой маршрут (мин.),,19232,218,88.0304,2026-09,вылет 2026-09-30 · 2 перес. · 43 ч 50 мин · a/к UT,,
2026-07-03 20:21,MOW,TSF,Через Ереван,EVN,15715,179,88.0304,2026-09,Ереван: 9 387 ₽ + 6 328 ₽,,
2026-07-03 20:21,MOW,TSF,Через Турцию,IST,18792,213,88.0304,2026-09,Стамбул IST: 11 108 ₽ + 7 684 ₽,,
2026-07-03 20:21,MOW,TSF,Через Белград,BEG,27646,314,88.0304,2026-09,Белград: 21 957 ₽ + 5 689 ₽,,
2026-07-03 20:21,LED,VCE,Любой маршрут (мин.),,22675,258,88.0304,2026-09,вылет 2026-09-29 · 2 перес. · 37 ч 20 мин · a/к VF,,
2026-07-03 20:21,LED,VCE,Через Ереван,EVN,18888,215,88.0304,2026-09,Ереван: 12 560 ₽ + 6 328 ₽,,
2026-07-03 20:21,LED,VCE,Через Турцию,IST,20481,233,88.0304,2026-09,Стамбул IST: 14 446 ₽ + 6 035 ₽,,
2026-07-03 20:21,LED,VCE,Через Белград,BEG,30537,347,88.0304,2026-09,Белград: 24 848 ₽ + 5 689 ₽,,
2026-07-03 20:21,LED,TSF,Любой маршрут (мин.),,23543,267,88.0304,2026-09,вылет 2026-09-27 · 2 перес. · 36 ч 50 мин · a/к PC,,
2026-07-03 20:21,LED,TSF,Через Ереван,EVN,18888,215,88.0304,2026-09,Ереван: 12 560 ₽ + 6 328 ₽,,
2026-07-03 20:21,LED,TSF,Через Турцию,IST,22130,251,88.0304,2026-09,Стамбул IST: 14 446 ₽ + 7 684 ₽,,
2026-07-03 20:21,LED,TSF,Через Белград,BEG,30537,347,88.0304,2026-09,Белград: 24 848 ₽ + 5 689 ₽,,
2026-07-04 09:09,MOW,VCE,Любой маршрут (мин.),,18107,206,88.0304,2026-09,вылет 2026-09-29 · 2 перес. · 25 ч 40 мин · a/к 3F,,
2026-07-04 09:09,MOW,VCE,Через Ереван,EVN,15716,179,88.0304,2026-09,Ереван: 9 387 ₽ + 6 329 ₽,,
2026-07-04 09:09,MOW,VCE,Через Турцию,IST,16952,193,88.0304,2026-09,Стамбул IST: 11 045 ₽ + 5 907 ₽,,
2026-07-04 09:09,MOW,VCE,Через Белград,BEG,26829,305,88.0304,2026-09,Белград: 21 140 ₽ + 5 689 ₽,,
2026-07-04 09:09,MOW,TSF,Любой маршрут (мин.),,18737,213,88.0304,2026-09,вылет 2026-09-30 · 2 перес. · 43 ч 50 мин · a/к UT,,
2026-07-04 09:09,MOW,TSF,Через Ереван,EVN,15716,179,88.0304,2026-09,Ереван: 9 387 ₽ + 6 329 ₽,,
2026-07-04 09:09,MOW,TSF,Через Турцию,IST,18352,208,88.0304,2026-09,Стамбул IST: 11 045 ₽ + 7 307 ₽,,
2026-07-04 09:09,MOW,TSF,Через Белград,BEG,26829,305,88.0304,2026-09,Белград: 21 140 ₽ + 5 689 ₽,,
2026-07-04 09:09,LED,VCE,Любой маршрут (мин.),,23369,265,88.0304,2026-09,вылет 2026-09-27 · 2 перес. · 34 ч 5 мин · a/к PC,,
2026-07-04 09:09,LED,VCE,Через Ереван,EVN,18830,214,88.0304,2026-09,Ереван: 12 501 ₽ + 6 329 ₽,,
2026-07-04 09:09,LED,VCE,Через Турцию,IST,20237,230,88.0304,2026-09,Стамбул IST: 14 330 ₽ + 5 907 ₽,,
2026-07-04 09:09,LED,VCE,Через Белград,BEG,30537,347,88.0304,2026-09,Белград: 24 848 ₽ + 5 689 ₽,,
2026-07-04 09:09,LED,TSF,Любой маршрут (мин.),,23543,267,88.0304,2026-09,вылет 2026-09-27 · 2 перес. · 36 ч 50 мин · a/к PC,,
2026-07-04 09:09,LED,TSF,Через Ереван,EVN,18830,214,88.0304,2026-09,Ереван: 12 501 ₽ + 6 329 ₽,,
2026-07-04 09:09,LED,TSF,Через Турцию,IST,21637,246,88.0304,2026-09,Стамбул IST: 14 330 ₽ + 7 307 ₽,,
2026-07-04 09:09,LED,TSF,Через Белград,BEG,30537,347,88.0304,2026-09,Белград: 24 848 ₽ + 5 689 ₽,,
2026-07-04 20:14,MOW,VCE,Любой маршрут (мин.),,18107,206,88.0304,2026-09,вылет 2026-09-29 · 2 перес. · 25 ч 40 мин · a/к 3F,,
2026-07-04 20:14,MOW,VCE,Через Ереван,EVN,15715,179,88.0304,2026-09,Ереван: 9 386 ₽ + 6 329 ₽,,
2026-07-04 20:14,MOW,VCE,Через Турцию,IST,16952,193,88.0304,2026-09,Стамбул IST: 11 045 ₽ + 5 907 ₽,,
2026-07-04 20:14,MOW,VCE,Через Белград,BEG,26829,305,88.0304,2026-09,Белград: 21 140 ₽ + 5 689 ₽,,
2026-07-04 20:14,MOW,TSF,Любой маршрут (мин.),,18737,213,88.0304,2026-09,вылет 2026-09-30 · 2 перес. · 43 ч 50 мин · a/к UT,,
2026-07-04 20:14,MOW,TSF,Через Ереван,EVN,15715,179,88.0304,2026-09,Ереван: 9 386 ₽ + 6 329 ₽,,
2026-07-04 20:14,MOW,TSF,Через Турцию,IST,18352,208,88.0304,2026-09,Стамбул IST: 11 045 ₽ + 7 307 ₽,,
2026-07-04 20:14,MOW,TSF,Через Белград,BEG,26829,305,88.0304,2026-09,Белград: 21 140 ₽ + 5 689 ₽,,
2026-07-04 20:14,LED,VCE,Любой маршрут (мин.),,22879,260,88.0304,2026-09,вылет 2026-09-12 · 2 перес. · 34 ч 5 мин · a/к PC,,
2026-07-04 20:14,LED,VCE,Через Ереван,EVN,18830,214,88.0304,2026-09,Ереван: 12 501 ₽ + 6 329 ₽,,
2026-07-04 20:14,LED,VCE,Через Турцию,IST,20362,231,88.0304,2026-09,Стамбул IST: 14 455 ₽ + 5 907 ₽,,
2026-07-04 20:14,LED,VCE,Через Белград,BEG,30537,347,88.0304,2026-09,Белград: 24 848 ₽ + 5 689 ₽,,
2026-07-04 20:14,LED,TSF,Любой маршрут (мин.),,24005,273,88.0304,2026-09,вылет 2026-09-26 · 2 перес. · 27 ч 5 мин · a/к VF,,
2026-07-04 20:14,LED,TSF,Через Ереван,EVN,18830,214,88.0304,2026-09,Ереван: 12 501 ₽ + 6 329 ₽,,
2026-07-04 20:14,LED,TSF,Через Турцию,IST,21762,247,88.0304,2026-09,Стамбул IST: 14 455 ₽ + 7 307 ₽,,
2026-07-04 20:14,LED,TSF,Через Белград,BEG,30537,347,88.0304,2026-09,Белград: 24 848 ₽ + 5 689 ₽,,
2026-07-05 09:47,MOW,VCE,Любой маршрут (мин.),,18737,213,88.0304,2026-09,вылет 2026-09-30 · 2 перес. · 43 ч 50 мин · a/к UT,,
2026-07-05 09:47,MOW,VCE,Через Ереван,EVN,15716,179,88.0304,2026-09,Ереван: 9 387 ₽ + 6 329 ₽,,
2026-07-05 09:47,MOW,VCE,Через Турцию,IST,16952,193,88.0304,2026-09,Стамбул IST: 11 045 ₽ + 5 907 ₽,,
2026-07-05 09:47,MOW,VCE,Через Белград,BEG,26895,306,88.0304,2026-09,Белград: 21 206 ₽ + 5 689 ₽,,
2026-07-05 09:47,MOW,TSF,Любой маршрут (мин.),,18737,213,88.0304,2026-09,вылет 2026-09-30 · 2 перес. · 43 ч 50 мин · a/к UT,,
2026-07-05 09:47,MOW,TSF,Через Ереван,EVN,15716,179,88.0304,2026-09,Ереван: 9 387 ₽ + 6 329 ₽,,
2026-07-05 09:47,MOW,TSF,Через Турцию,IST,18345,208,88.0304,2026-09,Стамбул IST: 11 045 ₽ + 7 300 ₽,,
2026-07-05 09:47,MOW,TSF,Через Белград,BEG,26895,306,88.0304,2026-09,Белград: 21 206 ₽ + 5 689 ₽,,
2026-07-05 09:47,LED,VCE,Любой маршрут (мин.),,22879,260,88.0304,2026-09,вылет 2026-09-12 · 2 перес. · 34 ч 5 мин · a/к PC,,
2026-07-05 09:47,LED,VCE,Через Ереван,EVN,18830,214,88.0304,2026-09,Ереван: 12 501 ₽ + 6 329 ₽,,
2026-07-05 09:47,LED,VCE,Через Турцию,IST,20362,231,88.0304,2026-09,Стамбул IST: 14 455 ₽ + 5 907 ₽,,
2026-07-05 09:47,LED,VCE,Через Белград,BEG,30099,342,88.0304,2026-09,Белград: 24 410 ₽ + 5 689 ₽,,
2026-07-05 09:47,LED,TSF,Любой маршрут (мин.),,24005,273,88.0304,2026-09,вылет 2026-09-26 · 2 перес. · 27 ч 5 мин · a/к VF,,
2026-07-05 09:47,LED,TSF,Через Ереван,EVN,18830,214,88.0304,2026-09,Ереван: 12 501 ₽ + 6 329 ₽,,
2026-07-05 09:47,LED,TSF,Через Турцию,IST,21755,247,88.0304,2026-09,Стамбул IST: 14 455 ₽ + 7 300 ₽,,
2026-07-05 09:47,LED,TSF,Через Белград,BEG,30099,342,88.0304,2026-09,Белград: 24 410 ₽ + 5 689 ₽,,
2026-07-05 20:20,MOW,VCE,Любой маршрут (мин.),,18737,213,88.0304,2026-09,вылет 2026-09-30 · 2 перес. · 43 ч 50 мин · a/к UT,,
2026-07-05 20:20,MOW,VCE,Через Ереван,EVN,15715,179,88.0304,2026-09,Ереван: 9 386 ₽ + 6 329 ₽,,
2026-07-05 20:20,MOW,VCE,Через Турцию,IST,16952,193,88.0304,2026-09,Стамбул IST: 11 045 ₽ + 5 907 ₽,,
2026-07-05 20:20,MOW,VCE,Через Белград,BEG,27137,308,88.0304,2026-09,Белград: 21 448 ₽ + 5 689 ₽,,
2026-07-05 20:20,MOW,TSF,Любой маршрут (мин.),,18737,213,88.0304,2026-09,вылет 2026-09-30 · 2 перес. · 43 ч 50 мин · a/к UT,,
2026-07-05 20:20,MOW,TSF,Через Ереван,EVN,15715,179,88.0304,2026-09,Ереван: 9 386 ₽ + 6 329 ₽,,
2026-07-05 20:20,MOW,TSF,Через Турцию,IST,18138,206,88.0304,2026-09,Стамбул IST: 11 045 ₽ + 7 093 ₽,,
2026-07-05 20:20,MOW,TSF,Через Белград,BEG,27137,308,88.0304,2026-09,Белград: 21 448 ₽ + 5 689 ₽,,
2026-07-05 20:20,LED,VCE,Любой маршрут (мин.),,23640,269,88.0304,2026-09,вылет 2026-09-26 · 2 перес. · 37 ч 45 мин · a/к U6,,
2026-07-05 20:20,LED,VCE,Через Ереван,EVN,18830,214,88.0304,2026-09,Ереван: 12 501 ₽ + 6 329 ₽,,
2026-07-05 20:20,LED,VCE,Через Турцию,IST,20403,232,88.0304,2026-09,Стамбул IST: 14 496 ₽ + 5 907 ₽,,
2026-07-05 20:20,LED,VCE,Через Белград,BEG,30039,341,88.0304,2026-09,Белград: 24 350 ₽ + 5 689 ₽,,
2026-07-05 20:20,LED,TSF,Любой маршрут (мин.),,24005,273,88.0304,2026-09,вылет 2026-09-26 · 2 перес. · 27 ч 5 мин · a/к VF,,
2026-07-05 20:20,LED,TSF,Через Ереван,EVN,18830,214,88.0304,2026-09,Ереван: 12 501 ₽ + 6 329 ₽,,
2026-07-05 20:20,LED,TSF,Через Турцию,IST,21589,245,88.0304,2026-09,Стамбул IST: 14 496 ₽ + 7 093 ₽,,
2026-07-05 20:20,LED,TSF,Через Белград,BEG,30039,341,88.0304,2026-09,Белград: 24 350 ₽ + 5 689 ₽,,
2026-07-06 14:06,MOW,VCE,Любой маршрут (мин.),,17840,203,88.0304,2026-09,вылет 2026-09-23 · 2 перес. · 43 ч 50 мин · a/к UT,,
2026-07-06 14:06,MOW,VCE,Через Ереван,EVN,16009,182,88.0304,2026-09,Ереван: 9 385 ₽ + 6 624 ₽,,
2026-07-06 14:06,MOW,VCE,Через Турцию,IST,15422,175,88.0304,2026-09,Стамбул IST: 9 264 ₽ + 6 158 ₽,,
2026-07-06 14:06,MOW,VCE,Через Белград,BEG,26527,301,88.0304,2026-09,Белград: 20 838 ₽ + 5 689 ₽,,
2026-07-06 14:06,MOW,TSF,Любой маршрут (мин.),,17840,203,88.0304,2026-09,вылет 2026-09-23 · 2 перес. · 43 ч 50 мин · a/к UT,,
2026-07-06 14:06,MOW,TSF,Через Ереван,EVN,16009,182,88.0304,2026-09,Ереван: 9 385 ₽ + 6 624 ₽,,
2026-07-06 14:06,MOW,TSF,Через Турцию,IST,16560,188,88.0304,2026-09,Стамбул IST: 9 264 ₽ + 7 296 ₽,,
2026-07-06 14:06,MOW,TSF,Через Белград,BEG,26527,301,88.0304,2026-09,Белград: 20 838 ₽ + 5 689 ₽,,
2026-07-06 14:06,LED,VCE,Любой маршрут (мин.),,23640,269,88.0304,2026-09,вылет 2026-09-26 · 2 перес. · 37 ч 45 мин · a/к U6,,
2026-07-06 14:06,LED,VCE,Через Ереван,EVN,19125,217,88.0304,2026-09,Ереван: 12 501 ₽ + 6 624 ₽,,
2026-07-06 14:06,LED,VCE,Через Турцию,IST,20902,237,88.0304,2026-09,Стамбул IST: 14 744 ₽ + 6 158 ₽,,
2026-07-06 14:06,LED,VCE,Через Белград,BEG,30036,341,88.0304,2026-09,Белград: 24 347 ₽ + 5 689 ₽,,
2026-07-06 14:06,LED,TSF,Любой маршрут (мин.),,24005,273,88.0304,2026-09,вылет 2026-09-26 · 2 перес. · 27 ч 5 мин · a/к VF,,
2026-07-06 14:06,LED,TSF,Через Ереван,EVN,19125,217,88.0304,2026-09,Ереван: 12 501 ₽ + 6 624 ₽,,
2026-07-06 14:06,LED,TSF,Через Турцию,IST,22040,250,88.0304,2026-09,Стамбул IST: 14 744 ₽ + 7 296 ₽,,
2026-07-06 14:06,LED,TSF,Через Белград,BEG,30036,341,88.0304,2026-09,Белград: 24 347 ₽ + 5 689 ₽,,
2026-07-06 21:15,MOW,VCE,Любой маршрут (мин.),,17664,198,89.2595,2026-09,вылет 2026-09-23 · 2 перес. · 43 ч 50 мин · a/к UT,,
2026-07-06 21:15,MOW,VCE,Через Ереван,EVN,15857,178,89.2595,2026-09,Ереван: 9 387 ₽ + 6 470 ₽,,
2026-07-06 21:15,MOW,VCE,Через Турцию,IST,15423,173,89.2595,2026-09,Стамбул IST: 9 265 ₽ + 6 158 ₽,,
2026-07-06 21:15,MOW,VCE,Через Белград,BEG,26414,296,89.2595,2026-09,Белград: 20 852 ₽ + 5 562 ₽,,
2026-07-06 21:15,MOW,TSF,Любой маршрут (мин.),,17664,198,89.2595,2026-09,вылет 2026-09-23 · 2 перес. · 43 ч 50 мин · a/к UT,,
2026-07-06 21:15,MOW,TSF,Через Ереван,EVN,15857,178,89.2595,2026-09,Ереван: 9 387 ₽ + 6 470 ₽,,
2026-07-06 21:15,MOW,TSF,Через Турцию,IST,16497,185,89.2595,2026-09,Стамбул IST: 9 265 ₽ + 7 232 ₽,,
2026-07-06 21:15,MOW,TSF,Через Белград,BEG,26541,297,89.2595,2026-09,Белград: 20 852 ₽ + 5 689 ₽,,
2026-07-06 21:15,LED,VCE,Любой маршрут (мин.),,23640,265,89.2595,2026-09,вылет 2026-09-26 · 2 перес. · 37 ч 45 мин · a/к U6,,
2026-07-06 21:15,LED,VCE,Через Ереван,EVN,18971,213,89.2595,2026-09,Ереван: 12 501 ₽ + 6 470 ₽,,
2026-07-06 21:15,LED,VCE,Через Турцию,IST,20654,231,89.2595,2026-09,Стамбул IST: 14 496 ₽ + 6 158 ₽,,
2026-07-06 21:15,LED,VCE,Через Белград,BEG,29938,335,89.2595,2026-09,Белград: 24 376 ₽ + 5 562 ₽,,
2026-07-06 21:15,LED,TSF,Любой маршрут (мин.),,24005,269,89.2595,2026-09,вылет 2026-09-26 · 2 перес. · 27 ч 5 мин · a/к VF,,
2026-07-06 21:15,LED,TSF,Через Ереван,EVN,18971,213,89.2595,2026-09,Ереван: 12 501 ₽ + 6 470 ₽,,
2026-07-06 21:15,LED,TSF,Через Турцию,IST,21728,243,89.2595,2026-09,Стамбул IST: 14 496 ₽ + 7 232 ₽,,
2026-07-06 21:15,LED,TSF,Через Белград,BEG,30065,337,89.2595,2026-09,Белград: 24 376 ₽ + 5 689 ₽,,
2026-07-07 11:22,MOW,VCE,Любой маршрут (мин.),,17228,193,89.2595,2026-09,вылет 2026-09-23 · 2 перес. · 43 ч 50 мин · a/к UT,,
2026-07-07 11:22,MOW,VCE,Через Ереван,EVN,15863,178,89.2595,2026-09,Ереван: 9 393 ₽ + 6 470 ₽,,
2026-07-07 11:22,MOW,VCE,Через Турцию,IST,15330,172,89.2595,2026-09,Стамбул IST: 9 205 ₽ + 6 125 ₽,,
2026-07-07 11:22,MOW,VCE,Через Белград,BEG,26809,300,89.2595,2026-09,Белград: 21 120 ₽ + 5 689 ₽,,
2026-07-07 11:22,MOW,TSF,Любой маршрут (мин.),,17228,193,89.2595,2026-09,вылет 2026-09-23 · 2 перес. · 43 ч 50 мин · a/к UT,,
2026-07-07 11:22,MOW,TSF,Через Ереван,EVN,15863,178,89.2595,2026-09,Ереван: 9 393 ₽ + 6 470 ₽,,
2026-07-07 11:22,MOW,TSF,Через Турцию,IST,15813,177,89.2595,2026-09,Стамбул IST: 9 205 ₽ + 6 608 ₽,,
2026-07-07 11:22,MOW,TSF,Через Белград,BEG,26809,300,89.2595,2026-09,Белград: 21 120 ₽ + 5 689 ₽,,
2026-07-07 11:22,LED,VCE,Любой маршрут (мин.),,23745,266,89.2595,2026-09,вылет 2026-09-23 · 2 перес. · 42 ч 25 мин · a/к PC,,
2026-07-07 11:22,LED,VCE,Через Ереван,EVN,18971,213,89.2595,2026-09,Ереван: 12 501 ₽ + 6 470 ₽,,
2026-07-07 11:22,LED,VCE,Через Турцию,IST,20435,229,89.2595,2026-09,Стамбул IST: 14 310 ₽ + 6 125 ₽,,
2026-07-07 11:22,LED,VCE,Через Белград,BEG,26880,301,89.2595,2026-09,Белград: 21 191 ₽ + 5 689 ₽,,
2026-07-07 11:22,LED,TSF,Любой маршрут (мин.),,23745,266,89.2595,2026-09,вылет 2026-09-23 · 2 перес. · 42 ч 25 мин · a/к PC,,
2026-07-07 11:22,LED,TSF,Через Ереван,EVN,18971,213,89.2595,2026-09,Ереван: 12 501 ₽ + 6 470 ₽,,
2026-07-07 11:22,LED,TSF,Через Турцию,IST,20918,234,89.2595,2026-09,Стамбул IST: 14 310 ₽ + 6 608 ₽,,
2026-07-07 11:22,LED,TSF,Через Белград,BEG,26880,301,89.2595,2026-09,Белград: 21 191 ₽ + 5 689 ₽,,
2026-07-07 21:10,MOW,VCE,Любой маршрут (мин.),,17153,197,86.8976,2026-09,вылет 2026-09-23 · 2 перес. · 43 ч 50 мин · a/к UT,,
2026-07-07 21:10,MOW,VCE,Через Ереван,EVN,15870,183,86.8976,2026-09,Ереван: 9 400 ₽ + 6 470 ₽,,
2026-07-07 21:10,MOW,VCE,Через Турцию,IST,10514,121,86.8976,2026-09,Стамбул IST: 4 389 ₽ + 6 125 ₽,,
2026-07-07 21:10,MOW,VCE,Через Белград,BEG,22695,261,86.8976,2026-09,Белград: 17 006 ₽ + 5 689 ₽,,
2026-07-07 21:10,MOW,TSF,Любой маршрут (мин.),,17153,197,86.8976,2026-09,вылет 2026-09-23 · 2 перес. · 43 ч 50 мин · a/к UT,,
2026-07-07 21:10,MOW,TSF,Через Ереван,EVN,15870,183,86.8976,2026-09,Ереван: 9 400 ₽ + 6 470 ₽,,
2026-07-07 21:10,MOW,TSF,Через Турцию,IST,10972,126,86.8976,2026-09,Стамбул IST: 4 389 ₽ + 6 583 ₽,,
2026-07-07 21:10,MOW,TSF,Через Белград,BEG,22695,261,86.8976,2026-09,Белград: 17 006 ₽ + 5 689 ₽,,
2026-07-07 21:10,LED,VCE,Любой маршрут (мин.),,19039,219,86.8976,2026-09,вылет 2026-09-27 · 2 перес. · 20 ч 5 мин · a/к VF,,
2026-07-07 21:10,LED,VCE,Через Ереван,EVN,18274,210,86.8976,2026-09,Ереван: 11 804 ₽ + 6 470 ₽,,
2026-07-07 21:10,LED,VCE,Через Турцию,IST,13873,160,86.8976,2026-09,Стамбул IST: 7 748 ₽ + 6 125 ₽,,
2026-07-07 21:10,LED,VCE,Через Белград,BEG,18108,208,86.8976,2026-09,Белград: 12 419 ₽ + 5 689 ₽,,
2026-07-07 21:10,LED,TSF,Любой маршрут (мин.),,23418,269,86.8976,2026-09,вылет 2026-09-09 · 2 перес. · 42 ч 25 мин · a/к PC,,
2026-07-07 21:10,LED,TSF,Через Ереван,EVN,18274,210,86.8976,2026-09,Ереван: 11 804 ₽ + 6 470 ₽,,
2026-07-07 21:10,LED,TSF,Через Турцию,IST,14331,165,86.8976,2026-09,Стамбул IST: 7 748 ₽ + 6 583 ₽,,
2026-07-07 21:10,LED,TSF,Через Белград,BEG,18108,208,86.8976,2026-09,Белград: 12 419 ₽ + 5 689 ₽,,
2026-07-08 09:16,MOW,VCE,Любой маршрут (мин.),,17230,198,86.8976,2026-09,вылет 2026-09-23 · 2 перес. · 43 ч 50 мин · a/к UT,,
2026-07-08 09:16,MOW,VCE,Через Ереван,EVN,15591,179,86.8976,2026-09,Ереван: 9 174 ₽ + 6 417 ₽,,
2026-07-08 09:16,MOW,VCE,Через Турцию,IST,15412,177,86.8976,2026-09,Стамбул IST: 9 287 ₽ + 6 125 ₽,,
2026-07-08 09:16,MOW,VCE,Через Белград,BEG,26099,300,86.8976,2026-09,Белград: 20 410 ₽ + 5 689 ₽,,
2026-07-08 09:16,MOW,TSF,Любой маршрут (мин.),,17230,198,86.8976,2026-09,вылет 2026-09-23 · 2 перес. · 43 ч 50 мин · a/к UT,,
2026-07-08 09:16,MOW,TSF,Через Ереван,EVN,15591,179,86.8976,2026-09,Ереван: 9 174 ₽ + 6 417 ₽,,
2026-07-08 09:16,MOW,TSF,Через Турцию,IST,15875,183,86.8976,2026-09,Стамбул IST: 9 287 ₽ + 6 588 ₽,,
2026-07-08 09:16,MOW,TSF,Через Белград,BEG,26099,300,86.8976,2026-09,Белград: 20 410 ₽ + 5 689 ₽,,
2026-07-08 09:16,LED,VCE,Любой маршрут (мин.),,19055,219,86.8976,2026-09,вылет 2026-09-27 · 2 перес. · 20 ч 5 мин · a/к VF,,
2026-07-08 09:16,LED,VCE,Через Ереван,EVN,20002,230,86.8976,2026-09,Ереван: 13 585 ₽ + 6 417 ₽,,
2026-07-08 09:16,LED,VCE,Через Турцию,IST,19916,229,86.8976,2026-09,Стамбул IST: 13 791 ₽ + 6 125 ₽,,
2026-07-08 09:16,LED,VCE,Через Белград,BEG,24139,278,86.8976,2026-09,Белград: 18 450 ₽ + 5 689 ₽,,
2026-07-08 09:16,LED,TSF,Любой маршрут (мин.),,23438,270,86.8976,2026-09,вылет 2026-09-09 · 2 перес. · 42 ч 25 мин · a/к PC,,
2026-07-08 09:16,LED,TSF,Через Ереван,EVN,20002,230,86.8976,2026-09,Ереван: 13 585 ₽ + 6 417 ₽,,
2026-07-08 09:16,LED,TSF,Через Турцию,IST,20379,235,86.8976,2026-09,Стамбул IST: 13 791 ₽ + 6 588 ₽,,
2026-07-08 09:16,LED,TSF,Через Белград,BEG,24139,278,86.8976,2026-09,Белград: 18 450 ₽ + 5 689 ₽,,
2026-07-08 20:40,MOW,VCE,Любой маршрут (мин.),,17167,197,87.3511,2026-09,вылет 2026-09-23 · 2 перес. · 43 ч 50 мин · a/к UT,,
2026-07-08 20:40,MOW,VCE,Через Ереван,EVN,15420,177,87.3511,2026-09,Ереван: 9 339 ₽ + 6 081 ₽,,
2026-07-08 20:40,MOW,VCE,Через Турцию,IST,14717,168,87.3511,2026-09,Стамбул IST: 9 306 ₽ + 5 411 ₽,,
2026-07-08 20:40,MOW,VCE,Через Белград,BEG,26602,305,87.3511,2026-09,Белград: 20 913 ₽ + 5 689 ₽,,
2026-07-08 20:40,MOW,TSF,Любой маршрут (мин.),,17167,197,87.3511,2026-09,вылет 2026-09-23 · 2 перес. · 43 ч 50 мин · a/к UT,,
2026-07-08 20:40,MOW,TSF,Через Ереван,EVN,15420,177,87.3511,2026-09,Ереван: 9 339 ₽ + 6 081 ₽,,
2026-07-08 20:40,MOW,TSF,Через Турцию,IST,15605,179,87.3511,2026-09,Стамбул IST: 9 306 ₽ + 6 299 ₽,,
2026-07-08 20:40,MOW,TSF,Через Белград,BEG,26602,305,87.3511,2026-09,Белград: 20 913 ₽ + 5 689 ₽,,
2026-07-08 20:40,LED,VCE,Любой маршрут (мин.),,17857,204,87.3511,2026-09,вылет 2026-09-27 · 2 перес. · 20 ч 5 мин · a/к VF,,
2026-07-08 20:40,LED,VCE,Через Ереван,EVN,19508,223,87.3511,2026-09,Ереван: 13 427 ₽ + 6 081 ₽,,
2026-07-08 20:40,LED,VCE,Через Турцию,IST,18989,217,87.3511,2026-09,Стамбул IST: 13 578 ₽ + 5 411 ₽,,
2026-07-08 20:40,LED,VCE,Через Белград,BEG,24474,280,87.3511,2026-09,Белград: 18 785 ₽ + 5 689 ₽,,
2026-07-08 20:40,LED,TSF,Любой маршрут (мин.),,23451,268,87.3511,2026-09,вылет 2026-09-09 · 2 перес. · 18 ч 25 мин · a/к PC,,
2026-07-08 20:40,LED,TSF,Через Ереван,EVN,19508,223,87.3511,2026-09,Ереван: 13 427 ₽ + 6 081 ₽,,
2026-07-08 20:40,LED,TSF,Через Турцию,IST,19877,228,87.3511,2026-09,Стамбул IST: 13 578 ₽ + 6 299 ₽,,
2026-07-08 20:40,LED,TSF,Через Белград,BEG,24474,280,87.3511,2026-09,Белград: 18 785 ₽ + 5 689 ₽,,
2026-07-09 11:29,MOW,VCE,Любой маршрут (мин.),,17696,203,87.3511,2026-09,вылет 2026-09-23 · 2 перес. · 43 ч 50 мин · a/к UT,,
2026-07-09 11:29,MOW,VCE,Через Ереван,EVN,15359,176,87.3511,2026-09,Ереван: 9 279 ₽ + 6 080 ₽,,
2026-07-09 11:29,MOW,VCE,Через Турцию,IST,14475,166,87.3511,2026-09,Стамбул IST: 9 064 ₽ + 5 411 ₽,,
2026-07-09 11:29,MOW,VCE,Через Белград,BEG,26079,299,87.3511,2026-09,Белград: 20 390 ₽ + 5 689 ₽,,
2026-07-09 11:29,MOW,TSF,Любой маршрут (мин.),,17696,203,87.3511,2026-09,вылет 2026-09-23 · 2 перес. · 43 ч 50 мин · a/к UT,,
2026-07-09 11:29,MOW,TSF,Через Ереван,EVN,15359,176,87.3511,2026-09,Ереван: 9 279 ₽ + 6 080 ₽,,
2026-07-09 11:29,MOW,TSF,Через Турцию,IST,15363,176,87.3511,2026-09,Стамбул IST: 9 064 ₽ + 6 299 ₽,,
2026-07-09 11:29,MOW,TSF,Через Белград,BEG,26079,299,87.3511,2026-09,Белград: 20 390 ₽ + 5 689 ₽,,
2026-07-09 11:29,LED,VCE,Любой маршрут (мин.),,16704,191,87.3511,2026-09,вылет 2026-09-26 · 2 перес. · 18 ч 45 мин · a/к VF,,
2026-07-09 11:29,LED,VCE,Через Ереван,EVN,19194,220,87.3511,2026-09,Ереван: 13 114 ₽ + 6 080 ₽,,
2026-07-09 11:29,LED,VCE,Через Турцию,IST,18166,208,87.3511,2026-09,Стамбул IST: 12 755 ₽ + 5 411 ₽,,
2026-07-09 11:29,LED,VCE,Через Белград,BEG,23735,272,87.3511,2026-09,Белград: 18 046 ₽ + 5 689 ₽,,
2026-07-09 11:29,LED,TSF,Любой маршрут (мин.),,23449,268,87.3511,2026-09,вылет 2026-09-09 · 2 перес. · 18 ч 25 мин · a/к PC,,
2026-07-09 11:29,LED,TSF,Через Ереван,EVN,19194,220,87.3511,2026-09,Ереван: 13 114 ₽ + 6 080 ₽,,
2026-07-09 11:29,LED,TSF,Через Турцию,IST,19054,218,87.3511,2026-09,Стамбул IST: 12 755 ₽ + 6 299 ₽,,
2026-07-09 11:29,LED,TSF,Через Белград,BEG,23735,272,87.3511,2026-09,Белград: 18 046 ₽ + 5 689 ₽,,
2026-07-09 21:06,MOW,VCE,Любой маршрут (мин.),,17696,204,86.5906,2026-09,вылет 2026-09-23 · 2 перес. · 43 ч 50 мин · a/к UT,,
2026-07-09 21:06,MOW,VCE,Через Ереван,EVN,15317,177,86.5906,2026-09,Ереван: 9 237 ₽ + 6 080 ₽,,
2026-07-09 21:06,MOW,VCE,Через Турцию,IST,14515,168,86.5906,2026-09,Стамбул IST: 9 104 ₽ + 5 411 ₽,,
2026-07-09 21:06,MOW,VCE,Через Белград,BEG,26470,306,86.5906,2026-09,Белград: 20 781 ₽ + 5 689 ₽,,
2026-07-09 21:06,MOW,TSF,Любой маршрут (мин.),,17696,204,86.5906,2026-09,вылет 2026-09-23 · 2 перес. · 43 ч 50 мин · a/к UT,,
2026-07-09 21:06,MOW,TSF,Через Ереван,EVN,15317,177,86.5906,2026-09,Ереван: 9 237 ₽ + 6 080 ₽,,
2026-07-09 21:06,MOW,TSF,Через Турцию,IST,15403,178,86.5906,2026-09,Стамбул IST: 9 104 ₽ + 6 299 ₽,,
2026-07-09 21:06,MOW,TSF,Через Белград,BEG,26470,306,86.5906,2026-09,Белград: 20 781 ₽ + 5 689 ₽,,
2026-07-09 21:06,LED,VCE,Любой маршрут (мин.),,17010,196,86.5906,2026-09,вылет 2026-09-26 · 2 перес. · 18 ч 45 мин · a/к VF,,
2026-07-09 21:06,LED,VCE,Через Ереван,EVN,18204,210,86.5906,2026-09,Ереван: 12 124 ₽ + 6 080 ₽,,
2026-07-09 21:06,LED,VCE,Через Турцию,IST,19157,221,86.5906,2026-09,Стамбул IST: 13 746 ₽ + 5 411 ₽,,
2026-07-09 21:06,LED,VCE,Через Белград,BEG,23601,273,86.5906,2026-09,Белград: 17 912 ₽ + 5 689 ₽,,
2026-07-09 21:06,LED,TSF,Любой маршрут (мин.),,23021,266,86.5906,2026-09,вылет 2026-09-12 · 3 перес. · 32 ч 10 мин · a/к VF,,
2026-07-09 21:06,LED,TSF,Через Ереван,EVN,18204,210,86.5906,2026-09,Ереван: 12 124 ₽ + 6 080 ₽,,
2026-07-09 21:06,LED,TSF,Через Турцию,IST,20045,231,86.5906,2026-09,Стамбул IST: 13 746 ₽ + 6 299 ₽,,
2026-07-09 21:06,LED,TSF,Через Белград,BEG,23601,273,86.5906,2026-09,Белград: 17 912 ₽ + 5 689 ₽,,
2026-07-10 11:23,MOW,VCE,Любой маршрут (мин.),,17696,204,86.5906,2026-09,вылет 2026-09-23 · 2 перес. · 43 ч 50 мин · a/к UT,,
2026-07-10 11:23,MOW,VCE,Через Ереван,EVN,15312,177,86.5906,2026-09,Ереван: 9 232 ₽ + 6 080 ₽,,
2026-07-10 11:23,MOW,VCE,Через Турцию,IST,14510,168,86.5906,2026-09,Стамбул IST: 9 099 ₽ + 5 411 ₽,,
2026-07-10 11:23,MOW,VCE,Через Белград,BEG,26727,309,86.5906,2026-09,Белград: 21 034 ₽ + 5 693 ₽,,
2026-07-10 11:23,MOW,TSF,Любой маршрут (мин.),,17696,204,86.5906,2026-09,вылет 2026-09-23 · 2 перес. · 43 ч 50 мин · a/к UT,,
2026-07-10 11:23,MOW,TSF,Через Ереван,EVN,15312,177,86.5906,2026-09,Ереван: 9 232 ₽ + 6 080 ₽,,
2026-07-10 11:23,MOW,TSF,Через Турцию,IST,15398,178,86.5906,2026-09,Стамбул IST: 9 099 ₽ + 6 299 ₽,,
2026-07-10 11:23,MOW,TSF,Через Белград,BEG,26868,310,86.5906,2026-09,Белград: 21 034 ₽ + 5 834 ₽,,
2026-07-10 11:23,LED,VCE,Любой маршрут (мин.),,17006,196,86.5906,2026-09,вылет 2026-09-26 · 2 перес. · 18 ч 45 мин · a/к VF,,
2026-07-10 11:23,LED,VCE,Через Ереван,EVN,18817,217,86.5906,2026-09,Ереван: 12 737 ₽ + 6 080 ₽,,
2026-07-10 11:23,LED,VCE,Через Турцию,IST,17700,204,86.5906,2026-09,Стамбул IST: 12 289 ₽ + 5 411 ₽,,
2026-07-10 11:23,LED,VCE,Через Белград,BEG,24107,278,86.5906,2026-09,Белград: 18 414 ₽ + 5 693 ₽,,
2026-07-10 11:23,LED,TSF,Любой маршрут (мин.),,21222,245,86.5906,2026-09,вылет 2026-09-12 · 3 перес. · 32 ч 10 мин · a/к VF,,
2026-07-10 11:23,LED,TSF,Через Ереван,EVN,18817,217,86.5906,2026-09,Ереван: 12 737 ₽ + 6 080 ₽,,
2026-07-10 11:23,LED,TSF,Через Турцию,IST,18588,215,86.5906,2026-09,Стамбул IST: 12 289 ₽ + 6 299 ₽,,
2026-07-10 11:23,LED,TSF,Через Белград,BEG,24248,280,86.5906,2026-09,Белград: 18 414 ₽ + 5 834 ₽,,
2026-07-10 20:51,MOW,VCE,Любой маршрут (мин.),,18035,206,87.6661,2026-09,вылет 2026-09-19 · 2 перес. · 43 ч 50 мин · a/к UT,,
2026-07-10 20:51,MOW,VCE,Через Ереван,EVN,15316,175,87.6661,2026-09,Ереван: 9 236 ₽ + 6 080 ₽,,
2026-07-10 20:51,MOW,VCE,Через Турцию,IST,14515,166,87.6661,2026-09,Стамбул IST: 9 104 ₽ + 5 411 ₽,,
2026-07-10 20:51,MOW,VCE,Через Белград,BEG,26178,299,87.6661,2026-09,Белград: 20 344 ₽ + 5 834 ₽,,
2026-07-10 20:51,MOW,TSF,Любой маршрут (мин.),,18035,206,87.6661,2026-09,вылет 2026-09-19 · 2 перес. · 43 ч 50 мин · a/к UT,,
2026-07-10 20:51,MOW,TSF,Через Ереван,EVN,15316,175,87.6661,2026-09,Ереван: 9 236 ₽ + 6 080 ₽,,
2026-07-10 20:51,MOW,TSF,Через Турцию,IST,15403,176,87.6661,2026-09,Стамбул IST: 9 104 ₽ + 6 299 ₽,,
2026-07-10 20:51,MOW,TSF,Через Белград,BEG,26178,299,87.6661,2026-09,Белград: 20 344 ₽ + 5 834 ₽,,
2026-07-10 20:51,LED,VCE,Любой маршрут (мин.),,17006,194,87.6661,2026-09,вылет 2026-09-26 · 2 перес. · 18 ч 45 мин · a/к VF,,
2026-07-10 20:51,LED,VCE,Через Ереван,EVN,18891,215,87.6661,2026-09,Ереван: 12 811 ₽ + 6 080 ₽,,
2026-07-10 20:51,LED,VCE,Через Турцию,IST,17680,202,87.6661,2026-09,Стамбул IST: 12 269 ₽ + 5 411 ₽,,
2026-07-10 20:51,LED,VCE,Через Белград,BEG,24293,277,87.6661,2026-09,Белград: 18 459 ₽ + 5 834 ₽,,
2026-07-10 20:51,LED,TSF,Любой маршрут (мин.),,22206,253,87.6661,2026-09,вылет 2026-09-14 · 3 перес. · 37 ч 45 мин · a/к VF,,
2026-07-10 20:51,LED,TSF,Через Ереван,EVN,18891,215,87.6661,2026-09,Ереван: 12 811 ₽ + 6 080 ₽,,
2026-07-10 20:51,LED,TSF,Через Турцию,IST,18568,212,87.6661,2026-09,Стамбул IST: 12 269 ₽ + 6 299 ₽,,
2026-07-10 20:51,LED,TSF,Через Белград,BEG,24293,277,87.6661,2026-09,Белград: 18 459 ₽ + 5 834 ₽,,
2026-07-11 07:22,MOW,VCE,Любой маршрут (мин.),,18035,206,87.6661,2026-09,вылет 2026-09-19 · 2 перес. · 43 ч 50 мин · a/к UT,,
2026-07-11 07:22,MOW,VCE,Через Ереван,EVN,14589,166,87.6661,2026-09,Ереван: 9 251 ₽ + 5 338 ₽,,
2026-07-11 07:22,MOW,VCE,Через Турцию,IST,14461,165,87.6661,2026-09,Стамбул IST: 9 050 ₽ + 5 411 ₽,,
2026-07-11 07:22,MOW,VCE,Через Белград,BEG,26151,298,87.6661,2026-09,Белград: 20 317 ₽ + 5 834 ₽,,
2026-07-11 07:22,MOW,TSF,Любой маршрут (мин.),,18035,206,87.6661,2026-09,вылет 2026-09-19 · 2 перес. · 43 ч 50 мин · a/к UT,,
2026-07-11 07:22,MOW,TSF,Через Ереван,EVN,14589,166,87.6661,2026-09,Ереван: 9 251 ₽ + 5 338 ₽,,
2026-07-11 07:22,MOW,TSF,Через Турцию,IST,15349,175,87.6661,2026-09,Стамбул IST: 9 050 ₽ + 6 299 ₽,,
2026-07-11 07:22,MOW,TSF,Через Белград,BEG,26151,298,87.6661,2026-09,Белград: 20 317 ₽ + 5 834 ₽,,
2026-07-11 07:22,LED,VCE,Любой маршрут (мин.),,17006,194,87.6661,2026-09,вылет 2026-09-26 · 2 перес. · 18 ч 45 мин · a/к VF,,
2026-07-11 07:22,LED,VCE,Через Ереван,EVN,18447,210,87.6661,2026-09,Ереван: 13 109 ₽ + 5 338 ₽,,
2026-07-11 07:22,LED,VCE,Через Турцию,IST,17614,201,87.6661,2026-09,Стамбул IST: 12 203 ₽ + 5 411 ₽,,
2026-07-11 07:22,LED,VCE,Через Белград,BEG,24202,276,87.6661,2026-09,Белград: 18 368 ₽ + 5 834 ₽,,
2026-07-11 07:22,LED,TSF,Любой маршрут (мин.),,22558,257,87.6661,2026-09,вылет 2026-09-22 · 2 перес. · 31 ч 25 мин · a/к VF,,
2026-07-11 07:22,LED,TSF,Через Ереван,EVN,18447,210,87.6661,2026-09,Ереван: 13 109 ₽ + 5 338 ₽,,
2026-07-11 07:22,LED,TSF,Через Турцию,IST,18502,211,87.6661,2026-09,Стамбул IST: 12 203 ₽ + 6 299 ₽,,
2026-07-11 07:22,LED,TSF,Через Белград,BEG,24202,276,87.6661,2026-09,Белград: 18 368 ₽ + 5 834 ₽,,
2026-07-11 11:32,MOW,VCE,Любой маршрут (мин.),,18035,206,87.6661,2026-09,вылет 2026-09-19 · 2 перес. · 43 ч 50 мин · a/к UT,,
2026-07-11 11:32,MOW,VCE,Через Ереван,EVN,14589,166,87.6661,2026-09,Ереван: 9 251 ₽ + 5 338 ₽,,
2026-07-11 11:32,MOW,VCE,Через Турцию,IST,14461,165,87.6661,2026-09,Стамбул IST: 9 050 ₽ + 5 411 ₽,,
2026-07-11 11:32,MOW,VCE,Через Белград,BEG,26381,301,87.6661,2026-09,Белград: 20 547 ₽ + 5 834 ₽,,
2026-07-11 11:32,MOW,TSF,Любой маршрут (мин.),,18035,206,87.6661,2026-09,вылет 2026-09-19 · 2 перес. · 43 ч 50 мин · a/к UT,,
2026-07-11 11:32,MOW,TSF,Через Ереван,EVN,14589,166,87.6661,2026-09,Ереван: 9 251 ₽ + 5 338 ₽,,
2026-07-11 11:32,MOW,TSF,Через Турцию,IST,15349,175,87.6661,2026-09,Стамбул IST: 9 050 ₽ + 6 299 ₽,,
2026-07-11 11:32,MOW,TSF,Через Белград,BEG,26381,301,87.6661,2026-09,Белград: 20 547 ₽ + 5 834 ₽,,
2026-07-11 11:32,LED,VCE,Любой маршрут (мин.),,17006,194,87.6661,2026-09,вылет 2026-09-26 · 2 перес. · 18 ч 45 мин · a/к VF,,
2026-07-11 11:32,LED,VCE,Через Ереван,EVN,18447,210,87.6661,2026-09,Ереван: 13 109 ₽ + 5 338 ₽,,
2026-07-11 11:32,LED,VCE,Через Турцию,IST,17614,201,87.6661,2026-09,Стамбул IST: 12 203 ₽ + 5 411 ₽,,
2026-07-11 11:32,LED,VCE,Через Белград,BEG,24185,276,87.6661,2026-09,Белград: 18 351 ₽ + 5 834 ₽,,
2026-07-11 11:32,LED,TSF,Любой маршрут (мин.),,22558,257,87.6661,2026-09,вылет 2026-09-22 · 2 перес. · 31 ч 25 мин · a/к VF,,
2026-07-11 11:32,LED,TSF,Через Ереван,EVN,18447,210,87.6661,2026-09,Ереван: 13 109 ₽ + 5 338 ₽,,
2026-07-11 11:32,LED,TSF,Через Турцию,IST,18502,211,87.6661,2026-09,Стамбул IST: 12 203 ₽ + 6 299 ₽,,
2026-07-11 11:32,LED,TSF,Через Белград,BEG,24185,276,87.6661,2026-09,Белград: 18 351 ₽ + 5 834 ₽,,
2026-07-11 18:38,MOW,VCE,Любой маршрут (мин.),,18035,206,87.6661,2026-09,вылет 2026-09-19 · 2 перес. · 43 ч 50 мин · a/к UT,,
2026-07-11 18:38,MOW,VCE,Через Ереван,EVN,14583,166,87.6661,2026-09,Ереван: 9 245 ₽ + 5 338 ₽,,
2026-07-11 18:38,MOW,VCE,Через Турцию,IST,14461,165,87.6661,2026-09,Стамбул IST: 9 050 ₽ + 5 411 ₽,,
2026-07-11 18:38,MOW,VCE,Через Белград,BEG,27032,308,87.6661,2026-09,Белград: 21 198 ₽ + 5 834 ₽,,
2026-07-11 18:38,MOW,TSF,Любой маршрут (мин.),,18035,206,87.6661,2026-09,вылет 2026-09-19 · 2 перес. · 43 ч 50 мин · a/к UT,,
2026-07-11 18:38,MOW,TSF,Через Ереван,EVN,14583,166,87.6661,2026-09,Ереван: 9 245 ₽ + 5 338 ₽,,
2026-07-11 18:38,MOW,TSF,Через Турцию,IST,15349,175,87.6661,2026-09,Стамбул IST: 9 050 ₽ + 6 299 ₽,,
2026-07-11 18:38,MOW,TSF,Через Белград,BEG,27032,308,87.6661,2026-09,Белград: 21 198 ₽ + 5 834 ₽,,
2026-07-11 18:38,LED,VCE,Любой маршрут (мин.),,17669,202,87.6661,2026-09,вылет 2026-09-27 · 2 перес. · 20 ч 5 мин · a/к VF,,
2026-07-11 18:38,LED,VCE,Через Ереван,EVN,18547,212,87.6661,2026-09,Ереван: 13 209 ₽ + 5 338 ₽,,
2026-07-11 18:38,LED,VCE,Через Турцию,IST,17614,201,87.6661,2026-09,Стамбул IST: 12 203 ₽ + 5 411 ₽,,
2026-07-11 18:38,LED,VCE,Через Белград,BEG,24185,276,87.6661,2026-09,Белград: 18 351 ₽ + 5 834 ₽,,
2026-07-11 18:38,LED,TSF,Любой маршрут (мин.),,21554,246,87.6661,2026-09,вылет 2026-09-26 · 3 перес. · 52 ч 35 мин · a/к VF,,
2026-07-11 18:38,LED,TSF,Через Ереван,EVN,18547,212,87.6661,2026-09,Ереван: 13 209 ₽ + 5 338 ₽,,
2026-07-11 18:38,LED,TSF,Через Турцию,IST,18502,211,87.6661,2026-09,Стамбул IST: 12 203 ₽ + 6 299 ₽,,
2026-07-11 18:38,LED,TSF,Через Белград,BEG,24185,276,87.6661,2026-09,Белград: 18 351 ₽ + 5 834 ₽,,
2026-07-12 07:50,MOW,VCE,Любой маршрут (мин.),,17920,204,87.6661,2026-09,вылет 2026-09-19 · 2 перес. · 43 ч 50 мин · a/к UT,,
2026-07-12 07:50,MOW,VCE,Через Ереван,EVN,14517,166,87.6661,2026-09,Ереван: 9 179 ₽ + 5 338 ₽,,
2026-07-12 07:50,MOW,VCE,Через Турцию,IST,14461,165,87.6661,2026-09,Стамбул IST: 9 050 ₽ + 5 411 ₽,,
2026-07-12 07:50,MOW,VCE,Через Белград,BEG,26779,305,87.6661,2026-09,Белград: 20 945 ₽ + 5 834 ₽,,
2026-07-12 07:50,MOW,TSF,Любой маршрут (мин.),,17920,204,87.6661,2026-09,вылет 2026-09-19 · 2 перес. · 43 ч 50 мин · a/к UT,,
2026-07-12 07:50,MOW,TSF,Через Ереван,EVN,14517,166,87.6661,2026-09,Ереван: 9 179 ₽ + 5 338 ₽,,
2026-07-12 07:50,MOW,TSF,Через Турцию,IST,15349,175,87.6661,2026-09,Стамбул IST: 9 050 ₽ + 6 299 ₽,,
2026-07-12 07:50,MOW,TSF,Через Белград,BEG,26779,305,87.6661,2026-09,Белград: 20 945 ₽ + 5 834 ₽,,
2026-07-12 07:50,LED,VCE,Любой маршрут (мин.),,17669,202,87.6661,2026-09,вылет 2026-09-27 · 2 перес. · 20 ч 5 мин · a/к VF,,
2026-07-12 07:50,LED,VCE,Через Ереван,EVN,19089,218,87.6661,2026-09,Ереван: 13 751 ₽ + 5 338 ₽,,
2026-07-12 07:50,LED,VCE,Через Турцию,IST,17605,201,87.6661,2026-09,Стамбул IST: 12 194 ₽ + 5 411 ₽,,
2026-07-12 07:50,LED,VCE,Через Белград,BEG,24168,276,87.6661,2026-09,Белград: 18 334 ₽ + 5 834 ₽,,
2026-07-12 07:50,LED,TSF,Любой маршрут (мин.),,22066,252,87.6661,2026-09,вылет 2026-09-14 · 3 перес. · 37 ч 45 мин · a/к VF,,
2026-07-12 07:50,LED,TSF,Через Ереван,EVN,19089,218,87.6661,2026-09,Ереван: 13 751 ₽ + 5 338 ₽,,
2026-07-12 07:50,LED,TSF,Через Турцию,IST,18493,211,87.6661,2026-09,Стамбул IST: 12 194 ₽ + 6 299 ₽,,
2026-07-12 07:50,LED,TSF,Через Белград,BEG,24168,276,87.6661,2026-09,Белград: 18 334 ₽ + 5 834 ₽,,
2026-07-12 11:44,MOW,VCE,Любой маршрут (мин.),,17691,202,87.6661,2026-09,вылет 2026-09-19 · 2 перес. · 43 ч 50 мин · a/к UT,,
2026-07-12 11:44,MOW,VCE,Через Ереван,EVN,14215,162,87.6661,2026-09,Ереван: 9 261 ₽ + 4 954 ₽,,
2026-07-12 11:44,MOW,VCE,Через Турцию,IST,14461,165,87.6661,2026-09,Стамбул IST: 9 050 ₽ + 5 411 ₽,,
2026-07-12 11:44,MOW,VCE,Через Белград,BEG,26965,308,87.6661,2026-09,Белград: 20 789 ₽ + 6 176 ₽,,
2026-07-12 11:44,MOW,TSF,Любой маршрут (мин.),,17691,202,87.6661,2026-09,вылет 2026-09-19 · 2 перес. · 43 ч 50 мин · a/к UT,,
2026-07-12 11:44,MOW,TSF,Через Ереван,EVN,14215,162,87.6661,2026-09,Ереван: 9 261 ₽ + 4 954 ₽,,
2026-07-12 11:44,MOW,TSF,Через Турцию,IST,15349,175,87.6661,2026-09,Стамбул IST: 9 050 ₽ + 6 299 ₽,,
2026-07-12 11:44,MOW,TSF,Через Белград,BEG,26965,308,87.6661,2026-09,Белград: 20 789 ₽ + 6 176 ₽,,
2026-07-12 11:44,LED,VCE,Любой маршрут (мин.),,17669,202,87.6661,2026-09,вылет 2026-09-27 · 2 перес. · 20 ч 5 мин · a/к VF,,
2026-07-12 11:44,LED,VCE,Через Ереван,EVN,18636,213,87.6661,2026-09,Ереван: 13 682 ₽ + 4 954 ₽,,
2026-07-12 11:44,LED,VCE,Через Турцию,IST,17605,201,87.6661,2026-09,Стамбул IST: 12 194 ₽ + 5 411 ₽,,
2026-07-12 11:44,LED,VCE,Через Белград,BEG,24510,280,87.6661,2026-09,Белград: 18 334 ₽ + 6 176 ₽,,
2026-07-12 11:44,LED,TSF,Любой маршрут (мин.),,22066,252,87.6661,2026-09,вылет 2026-09-14 · 3 перес. · 37 ч 45 мин · a/к VF,,
2026-07-12 11:44,LED,TSF,Через Ереван,EVN,18636,213,87.6661,2026-09,Ереван: 13 682 ₽ + 4 954 ₽,,
2026-07-12 11:44,LED,TSF,Через Турцию,IST,18493,211,87.6661,2026-09,Стамбул IST: 12 194 ₽ + 6 299 ₽,,
2026-07-12 11:44,LED,TSF,Через Белград,BEG,24510,280,87.6661,2026-09,Белград: 18 334 ₽ + 6 176 ₽,,
2026-07-12 19:57,MOW,VCE,Любой маршрут (мин.),,18088,206,87.6661,2026-09,вылет 2026-09-19 · 2 перес. · 43 ч 50 мин · a/к UT,,
2026-07-12 19:57,MOW,VCE,Через Ереван,EVN,14233,162,87.6661,2026-09,Ереван: 9 279 ₽ + 4 954 ₽,,
2026-07-12 19:57,MOW,VCE,Через Турцию,IST,14461,165,87.6661,2026-09,Стамбул IST: 9 050 ₽ + 5 411 ₽,,
2026-07-12 19:57,MOW,VCE,Через Белград,BEG,26883,307,87.6661,2026-09,Белград: 20 977 ₽ + 5 906 ₽,,
2026-07-12 19:57,MOW,TSF,Любой маршрут (мин.),,18088,206,87.6661,2026-09,вылет 2026-09-19 · 2 перес. · 43 ч 50 мин · a/к UT,,
2026-07-12 19:57,MOW,TSF,Через Ереван,EVN,14233,162,87.6661,2026-09,Ереван: 9 279 ₽ + 4 954 ₽,,
2026-07-12 19:57,MOW,TSF,Через Турцию,IST,15349,175,87.6661,2026-09,Стамбул IST: 9 050 ₽ + 6 299 ₽,,
2026-07-12 19:57,MOW,TSF,Через Белград,BEG,27153,310,87.6661,2026-09,Белград: 20 977 ₽ + 6 176 ₽,,
2026-07-12 19:57,LED,VCE,Любой маршрут (мин.),,17669,202,87.6661,2026-09,вылет 2026-09-27 · 2 перес. · 20 ч 5 мин · a/к VF,,
2026-07-12 19:57,LED,VCE,Через Ереван,EVN,18092,206,87.6661,2026-09,Ереван: 13 138 ₽ + 4 954 ₽,,
2026-07-12 19:57,LED,VCE,Через Турцию,IST,17573,200,87.6661,2026-09,Стамбул IST: 12 162 ₽ + 5 411 ₽,,
2026-07-12 19:57,LED,VCE,Через Белград,BEG,24223,276,87.6661,2026-09,Белград: 18 317 ₽ + 5 906 ₽,,
2026-07-12 19:57,LED,TSF,Любой маршрут (мин.),,22066,252,87.6661,2026-09,вылет 2026-09-14 · 3 перес. · 37 ч 45 мин · a/к VF,,
2026-07-12 19:57,LED,TSF,Через Ереван,EVN,18092,206,87.6661,2026-09,Ереван: 13 138 ₽ + 4 954 ₽,,
2026-07-12 19:57,LED,TSF,Через Турцию,IST,18461,211,87.6661,2026-09,Стамбул IST: 12 162 ₽ + 6 299 ₽,,
2026-07-12 19:57,LED,TSF,Через Белград,BEG,24493,279,87.6661,2026-09,Белград: 18 317 ₽ + 6 176 ₽,,
2026-07-13 11:42,MOW,VCE,Любой маршрут (мин.),,18120,207,87.6661,2026-09,вылет 2026-09-19 · 2 перес. · 43 ч 50 мин · a/к UT,,
2026-07-13 11:42,MOW,VCE,Через Ереван,EVN,14210,162,87.6661,2026-09,Ереван: 9 247 ₽ + 4 963 ₽,,
2026-07-13 11:42,MOW,VCE,Через Турцию,IST,14467,165,87.6661,2026-09,Стамбул IST: 9 056 ₽ + 5 411 ₽,,
2026-07-13 11:42,MOW,VCE,Через Белград,BEG,27774,317,87.6661,2026-09,Белград: 21 858 ₽ + 5 916 ₽,,
2026-07-13 11:42,MOW,TSF,Любой маршрут (мин.),,18120,207,87.6661,2026-09,вылет 2026-09-19 · 2 перес. · 43 ч 50 мин · a/к UT,,
2026-07-13 11:42,MOW,TSF,Через Ереван,EVN,14210,162,87.6661,2026-09,Ереван: 9 247 ₽ + 4 963 ₽,,
2026-07-13 11:42,MOW,TSF,Через Турцию,IST,15355,175,87.6661,2026-09,Стамбул IST: 9 056 ₽ + 6 299 ₽,,
2026-07-13 11:42,MOW,TSF,Через Белград,BEG,28045,320,87.6661,2026-09,Белград: 21 858 ₽ + 6 187 ₽,,
2026-07-13 11:42,LED,VCE,Любой маршрут (мин.),,17307,197,87.6661,2026-09,вылет 2026-09-13 · 2 перес. · 20 ч 5 мин · a/к VF,,
2026-07-13 11:42,LED,VCE,Через Ереван,EVN,18646,213,87.6661,2026-09,Ереван: 13 683 ₽ + 4 963 ₽,,
2026-07-13 11:42,LED,VCE,Через Турцию,IST,17617,201,87.6661,2026-09,Стамбул IST: 12 206 ₽ + 5 411 ₽,,
2026-07-13 11:42,LED,VCE,Через Белград,BEG,24330,278,87.6661,2026-09,Белград: 18 414 ₽ + 5 916 ₽,,
2026-07-13 11:42,LED,TSF,Любой маршрут (мин.),,22066,252,87.6661,2026-09,вылет 2026-09-14 · 3 перес. · 37 ч 45 мин · a/к VF,,
2026-07-13 11:42,LED,TSF,Через Ереван,EVN,18646,213,87.6661,2026-09,Ереван: 13 683 ₽ + 4 963 ₽,,
2026-07-13 11:42,LED,TSF,Через Турцию,IST,18505,211,87.6661,2026-09,Стамбул IST: 12 206 ₽ + 6 299 ₽,,
2026-07-13 11:42,LED,TSF,Через Белград,BEG,24601,281,87.6661,2026-09,Белград: 18 414 ₽ + 6 187 ₽,,
2026-07-13 20:36,MOW,VCE,Любой маршрут (мин.),,17789,203,87.5781,2026-09,вылет 2026-09-19 · 2 перес. · 43 ч 50 мин · a/к UT,,
2026-07-13 20:36,MOW,VCE,Через Ереван,EVN,14113,161,87.5781,2026-09,Ереван: 9 150 ₽ + 4 963 ₽,,
2026-07-13 20:36,MOW,VCE,Через Турцию,IST,14461,165,87.5781,2026-09,Стамбул IST: 9 050 ₽ + 5 411 ₽,,
2026-07-13 20:36,MOW,VCE,Через Белград,BEG,27122,310,87.5781,2026-09,Белград: 21 206 ₽ + 5 916 ₽,,
2026-07-13 20:36,MOW,TSF,Любой маршрут (мин.),,17789,203,87.5781,2026-09,вылет 2026-09-19 · 2 перес. · 43 ч 50 мин · a/к UT,,
2026-07-13 20:36,MOW,TSF,Через Ереван,EVN,14113,161,87.5781,2026-09,Ереван: 9 150 ₽ + 4 963 ₽,,
2026-07-13 20:36,MOW,TSF,Через Турцию,IST,15349,175,87.5781,2026-09,Стамбул IST: 9 050 ₽ + 6 299 ₽,,
2026-07-13 20:36,MOW,TSF,Через Белград,BEG,27393,313,87.5781,2026-09,Белград: 21 206 ₽ + 6 187 ₽,,
2026-07-13 20:36,LED,VCE,Любой маршрут (мин.),,17465,199,87.5781,2026-09,вылет 2026-09-20 · 2 перес. · 20 ч 5 мин · a/к VF,,
2026-07-13 20:36,LED,VCE,Через Ереван,EVN,18250,208,87.5781,2026-09,Ереван: 13 287 ₽ + 4 963 ₽,,
2026-07-13 20:36,LED,VCE,Через Турцию,IST,18673,213,87.5781,2026-09,Стамбул IST: 13 262 ₽ + 5 411 ₽,,
2026-07-13 20:36,LED,VCE,Через Белград,BEG,24251,277,87.5781,2026-09,Белград: 18 335 ₽ + 5 916 ₽,,
2026-07-13 20:36,LED,TSF,Любой маршрут (мин.),,21347,244,87.5781,2026-09,вылет 2026-09-12 · 3 перес. · 32 ч 10 мин · a/к VF,,
2026-07-13 20:36,LED,TSF,Через Ереван,EVN,18250,208,87.5781,2026-09,Ереван: 13 287 ₽ + 4 963 ₽,,
2026-07-13 20:36,LED,TSF,Через Турцию,IST,19561,223,87.5781,2026-09,Стамбул IST: 13 262 ₽ + 6 299 ₽,,
2026-07-13 20:36,LED,TSF,Через Белград,BEG,24522,280,87.5781,2026-09,Белград: 18 335 ₽ + 6 187 ₽,,
2026-07-14 07:24,MOW,VCE,Любой маршрут (мин.),,18338,209,87.5781,2026-09,вылет 2026-09-19 · 2 перес. · 43 ч 50 мин · a/к UT,,
2026-07-14 07:24,MOW,VCE,Через Ереван,EVN,14072,161,87.5781,2026-09,Ереван: 9 109 ₽ + 4 963 ₽,,
2026-07-14 07:24,MOW,VCE,Через Турцию,IST,14569,166,87.5781,2026-09,Стамбул IST: 9 158 ₽ + 5 411 ₽,,
2026-07-14 07:24,MOW,VCE,Через Белград,BEG,26319,301,87.5781,2026-09,Белград: 20 403 ₽ + 5 916 ₽,,
2026-07-14 07:24,MOW,TSF,Любой маршрут (мин.),,18338,209,87.5781,2026-09,вылет 2026-09-19 · 2 перес. · 43 ч 50 мин · a/к UT,,
2026-07-14 07:24,MOW,TSF,Через Ереван,EVN,14072,161,87.5781,2026-09,Ереван: 9 109 ₽ + 4 963 ₽,,
2026-07-14 07:24,MOW,TSF,Через Турцию,IST,15457,176,87.5781,2026-09,Стамбул IST: 9 158 ₽ + 6 299 ₽,,
2026-07-14 07:24,MOW,TSF,Через Белград,BEG,26590,304,87.5781,2026-09,Белград: 20 403 ₽ + 6 187 ₽,,
2026-07-14 07:24,LED,VCE,Любой маршрут (мин.),,17466,199,87.5781,2026-09,вылет 2026-09-20 · 2 перес. · 20 ч 5 мин · a/к VF,,
2026-07-14 07:24,LED,VCE,Через Ереван,EVN,18533,212,87.5781,2026-09,Ереван: 13 570 ₽ + 4 963 ₽,,
2026-07-14 07:24,LED,VCE,Через Турцию,IST,18709,214,87.5781,2026-09,Стамбул IST: 13 298 ₽ + 5 411 ₽,,
2026-07-14 07:24,LED,VCE,Через Белград,BEG,24181,276,87.5781,2026-09,Белград: 18 265 ₽ + 5 916 ₽,,
2026-07-14 07:24,LED,TSF,Любой маршрут (мин.),,21348,244,87.5781,2026-09,вылет 2026-09-12 · 3 перес. · 32 ч 10 мин · a/к VF,,
2026-07-14 07:24,LED,TSF,Через Ереван,EVN,18533,212,87.5781,2026-09,Ереван: 13 570 ₽ + 4 963 ₽,,
2026-07-14 07:24,LED,TSF,Через Турцию,IST,19597,224,87.5781,2026-09,Стамбул IST: 13 298 ₽ + 6 299 ₽,,
2026-07-14 07:24,LED,TSF,Через Белград,BEG,24452,279,87.5781,2026-09,Белград: 18 265 ₽ + 6 187 ₽,,
2026-07-14 12:22,MOW,VCE,Любой маршрут (мин.),,18333,209,87.5781,2026-09,вылет 2026-09-29 · 2 перес. · 25 ч 40 мин · a/к 3F,,
2026-07-14 12:22,MOW,VCE,Через Ереван,EVN,15110,173,87.5781,2026-09,Ереван: 9 307 ₽ + 5 803 ₽,,
2026-07-14 12:22,MOW,VCE,Через Турцию,IST,14557,166,87.5781,2026-09,Стамбул IST: 9 146 ₽ + 5 411 ₽,,
2026-07-14 12:22,MOW,VCE,Через Белград,BEG,26636,304,87.5781,2026-09,Белград: 20 720 ₽ + 5 916 ₽,,
2026-07-14 12:22,MOW,TSF,Любой маршрут (мин.),,18844,215,87.5781,2026-09,вылет 2026-09-30 · 2 перес. · 43 ч 50 мин · a/к UT,,
2026-07-14 12:22,MOW,TSF,Через Ереван,EVN,15110,173,87.5781,2026-09,Ереван: 9 307 ₽ + 5 803 ₽,,
2026-07-14 12:22,MOW,TSF,Через Турцию,IST,15445,176,87.5781,2026-09,Стамбул IST: 9 146 ₽ + 6 299 ₽,,
2026-07-14 12:22,MOW,TSF,Через Белград,BEG,26907,307,87.5781,2026-09,Белград: 20 720 ₽ + 6 187 ₽,,
2026-07-14 12:22,LED,VCE,Любой маршрут (мин.),,17669,202,87.5781,2026-09,вылет 2026-09-27 · 2 перес. · 20 ч 5 мин · a/к VF,,
2026-07-14 12:22,LED,VCE,Через Ереван,EVN,19373,221,87.5781,2026-09,Ереван: 13 570 ₽ + 5 803 ₽,,
2026-07-14 12:22,LED,VCE,Через Турцию,IST,19155,219,87.5781,2026-09,Стамбул IST: 13 744 ₽ + 5 411 ₽,,
2026-07-14 12:22,LED,VCE,Через Белград,BEG,24434,279,87.5781,2026-09,Белград: 18 518 ₽ + 5 916 ₽,,
2026-07-14 12:22,LED,TSF,Любой маршрут (мин.),,21348,244,87.5781,2026-09,вылет 2026-09-12 · 3 перес. · 32 ч 10 мин · a/к VF,,
2026-07-14 12:22,LED,TSF,Через Ереван,EVN,19373,221,87.5781,2026-09,Ереван: 13 570 ₽ + 5 803 ₽,,
2026-07-14 12:22,LED,TSF,Через Турцию,IST,20043,229,87.5781,2026-09,Стамбул IST: 13 744 ₽ + 6 299 ₽,,
2026-07-14 12:22,LED,TSF,Через Белград,BEG,24705,282,87.5781,2026-09,Белград: 18 518 ₽ + 6 187 ₽,,
2026-07-14 20:20,MOW,VCE,Любой маршрут (мин.),,18381,208,88.5259,2026-09,вылет 2026-09-29 · 2 перес. · 25 ч 40 мин · a/к 3F,,
2026-07-14 20:20,MOW,VCE,Через Ереван,EVN,15116,171,88.5259,2026-09,Ереван: 9 313 ₽ + 5 803 ₽,,
2026-07-14 20:20,MOW,VCE,Через Турцию,IST,14791,167,88.5259,2026-09,Стамбул IST: 9 158 ₽ + 5 633 ₽,,
2026-07-14 20:20,MOW,VCE,Через Белград,BEG,26585,300,88.5259,2026-09,Белград: 20 669 ₽ + 5 916 ₽,,
2026-07-14 20:20,MOW,TSF,Любой маршрут (мин.),,18830,213,88.5259,2026-09,вылет 2026-09-19 · 2 перес. · 43 ч 50 мин · a/к UT,,
2026-07-14 20:20,MOW,TSF,Через Ереван,EVN,15116,171,88.5259,2026-09,Ереван: 9 313 ₽ + 5 803 ₽,,
2026-07-14 20:20,MOW,TSF,Через Турцию,IST,15591,176,88.5259,2026-09,Стамбул IST: 9 158 ₽ + 6 433 ₽,,
2026-07-14 20:20,MOW,TSF,Через Белград,BEG,26856,303,88.5259,2026-09,Белград: 20 669 ₽ + 6 187 ₽,,
2026-07-14 20:20,LED,VCE,Любой маршрут (мин.),,17669,200,88.5259,2026-09,вылет 2026-09-27 · 2 перес. · 20 ч 5 мин · a/к VF,,
2026-07-14 20:20,LED,VCE,Через Ереван,EVN,19373,219,88.5259,2026-09,Ереван: 13 570 ₽ + 5 803 ₽,,
2026-07-14 20:20,LED,VCE,Через Турцию,IST,19330,218,88.5259,2026-09,Стамбул IST: 13 697 ₽ + 5 633 ₽,,
2026-07-14 20:20,LED,VCE,Через Белград,BEG,24447,276,88.5259,2026-09,Белград: 18 531 ₽ + 5 916 ₽,,
2026-07-14 20:20,LED,TSF,Любой маршрут (мин.),,21348,241,88.5259,2026-09,вылет 2026-09-12 · 3 перес. · 32 ч 10 мин · a/к VF,,
2026-07-14 20:20,LED,TSF,Через Ереван,EVN,19373,219,88.5259,2026-09,Ереван: 13 570 ₽ + 5 803 ₽,,
2026-07-14 20:20,LED,TSF,Через Турцию,IST,20130,227,88.5259,2026-09,Стамбул IST: 13 697 ₽ + 6 433 ₽,,
2026-07-14 20:20,LED,TSF,Через Белград,BEG,24718,279,88.5259,2026-09,Белград: 18 531 ₽ + 6 187 ₽,,
2026-07-15 07:30,MOW,VCE,Любой маршрут (мин.),,18381,208,88.5259,2026-09,вылет 2026-09-29 · 2 перес. · 25 ч 40 мин · a/к 3F,,
2026-07-15 07:30,MOW,VCE,Через Ереван,EVN,15086,170,88.5259,2026-09,Ереван: 9 283 ₽ + 5 803 ₽,,
2026-07-15 07:30,MOW,VCE,Через Турцию,IST,14791,167,88.5259,2026-09,Стамбул IST: 9 158 ₽ + 5 633 ₽,,
2026-07-15 07:30,MOW,VCE,Через Белград,BEG,26367,298,88.5259,2026-09,Белград: 20 451 ₽ + 5 916 ₽,,
2026-07-15 07:30,MOW,TSF,Любой маршрут (мин.),,18831,213,88.5259,2026-09,вылет 2026-09-19 · 2 перес. · 43 ч 50 мин · a/к UT,,
2026-07-15 07:30,MOW,TSF,Через Ереван,EVN,15086,170,88.5259,2026-09,Ереван: 9 283 ₽ + 5 803 ₽,,
2026-07-15 07:30,MOW,TSF,Через Турцию,IST,15591,176,88.5259,2026-09,Стамбул IST: 9 158 ₽ + 6 433 ₽,,
2026-07-15 07:30,MOW,TSF,Через Белград,BEG,26638,301,88.5259,2026-09,Белград: 20 451 ₽ + 6 187 ₽,,
2026-07-15 07:30,LED,VCE,Любой маршрут (мин.),,17669,200,88.5259,2026-09,вылет 2026-09-27 · 2 перес. · 20 ч 5 мин · a/к VF,,
2026-07-15 07:30,LED,VCE,Через Ереван,EVN,19664,222,88.5259,2026-09,Ереван: 13 861 ₽ + 5 803 ₽,,
2026-07-15 07:30,LED,VCE,Через Турцию,IST,19422,219,88.5259,2026-09,Стамбул IST: 13 789 ₽ + 5 633 ₽,,
2026-07-15 07:30,LED,VCE,Через Белград,BEG,24490,277,88.5259,2026-09,Белград: 18 574 ₽ + 5 916 ₽,,
2026-07-15 07:30,LED,TSF,Любой маршрут (мин.),,22501,254,88.5259,2026-09,вылет 2026-09-21 · 2 перес. · 28 ч 25 мин · a/к VF,,
2026-07-15 07:30,LED,TSF,Через Ереван,EVN,19664,222,88.5259,2026-09,Ереван: 13 861 ₽ + 5 803 ₽,,
2026-07-15 07:30,LED,TSF,Через Турцию,IST,20222,228,88.5259,2026-09,Стамбул IST: 13 789 ₽ + 6 433 ₽,,
2026-07-15 07:30,LED,TSF,Через Белград,BEG,24761,280,88.5259,2026-09,Белград: 18 574 ₽ + 6 187 ₽,,
2026-07-15 12:54,MOW,VCE,Любой маршрут (мин.),,18443,208,88.5259,2026-09,вылет 2026-09-29 · 2 перес. · 29 ч 5 мин · a/к 2S,,
2026-07-15 12:54,MOW,VCE,Через Ереван,EVN,15256,172,88.5259,2026-09,Ереван: 9 368 ₽ + 5 888 ₽,,
2026-07-15 12:54,MOW,VCE,Через Турцию,IST,14804,167,88.5259,2026-09,Стамбул IST: 9 171 ₽ + 5 633 ₽,,
2026-07-15 12:54,MOW,VCE,Через Белград,BEG,27260,308,88.5259,2026-09,Белград: 20 942 ₽ + 6 318 ₽,,
2026-07-15 12:54,MOW,TSF,Любой маршрут (мин.),,18746,212,88.5259,2026-09,вылет 2026-09-29 · 2 перес. · 28 ч 10 мин · a/к 2S,,
2026-07-15 12:54,MOW,TSF,Через Ереван,EVN,15256,172,88.5259,2026-09,Ереван: 9 368 ₽ + 5 888 ₽,,
2026-07-15 12:54,MOW,TSF,Через Турцию,IST,15604,176,88.5259,2026-09,Стамбул IST: 9 171 ₽ + 6 433 ₽,,
2026-07-15 12:54,MOW,TSF,Через Белград,BEG,27260,308,88.5259,2026-09,Белград: 20 942 ₽ + 6 318 ₽,,
2026-07-15 12:54,LED,VCE,Любой маршрут (мин.),,17669,200,88.5259,2026-09,вылет 2026-09-27 · 2 перес. · 20 ч 5 мин · a/к VF,,
2026-07-15 12:54,LED,VCE,Через Ереван,EVN,19946,225,88.5259,2026-09,Ереван: 14 058 ₽ + 5 888 ₽,,
2026-07-15 12:54,LED,VCE,Через Турцию,IST,19202,217,88.5259,2026-09,Стамбул IST: 13 569 ₽ + 5 633 ₽,,
2026-07-15 12:54,LED,VCE,Через Белград,BEG,25405,287,88.5259,2026-09,Белград: 19 087 ₽ + 6 318 ₽,,
2026-07-15 12:54,LED,TSF,Любой маршрут (мин.),,22498,254,88.5259,2026-09,вылет 2026-09-26 · 2 перес. · 28 ч 35 мин · a/к VF,,
2026-07-15 12:54,LED,TSF,Через Ереван,EVN,19946,225,88.5259,2026-09,Ереван: 14 058 ₽ + 5 888 ₽,,
2026-07-15 12:54,LED,TSF,Через Турцию,IST,20002,226,88.5259,2026-09,Стамбул IST: 13 569 ₽ + 6 433 ₽,,
2026-07-15 12:54,LED,TSF,Через Белград,BEG,25405,287,88.5259,2026-09,Белград: 19 087 ₽ + 6 318 ₽,,
2026-07-15 19:58,MOW,VCE,Любой маршрут (мин.),,18188,205,88.9097,2026-09,вылет 2026-09-29 · 2 перес. · 25 ч 40 мин · a/к 3F,,
2026-07-15 19:58,MOW,VCE,Через Ереван,EVN,15194,171,88.9097,2026-09,Ереван: 9 362 ₽ + 5 832 ₽,,
2026-07-15 19:58,MOW,VCE,Через Турцию,IST,16550,186,88.9097,2026-09,Стамбул IST: 10 917 ₽ + 5 633 ₽,,
2026-07-15 19:58,MOW,VCE,Через Белград,BEG,27098,305,88.9097,2026-09,Белград: 20 741 ₽ + 6 357 ₽,,
2026-07-15 19:58,MOW,TSF,Любой маршрут (мин.),,18831,212,88.9097,2026-09,вылет 2026-09-19 · 2 перес. · 43 ч 50 мин · a/к UT,,
2026-07-15 19:58,MOW,TSF,Через Ереван,EVN,15194,171,88.9097,2026-09,Ереван: 9 362 ₽ + 5 832 ₽,,
2026-07-15 19:58,MOW,TSF,Через Турцию,IST,17350,195,88.9097,2026-09,Стамбул IST: 10 917 ₽ + 6 433 ₽,,
2026-07-15 19:58,MOW,TSF,Через Белград,BEG,27098,305,88.9097,2026-09,Белград: 20 741 ₽ + 6 357 ₽,,
2026-07-15 19:58,LED,VCE,Любой маршрут (мин.),,17163,193,88.9097,2026-09,вылет 2026-09-20 · 2 перес. · 20 ч 5 мин · a/к VF,,
2026-07-15 19:58,LED,VCE,Через Ереван,EVN,19754,222,88.9097,2026-09,Ереван: 13 922 ₽ + 5 832 ₽,,
2026-07-15 19:58,LED,VCE,Через Турцию,IST,19093,215,88.9097,2026-09,Стамбул IST: 13 460 ₽ + 5 633 ₽,,
2026-07-15 19:58,LED,VCE,Через Белград,BEG,25438,286,88.9097,2026-09,Белград: 19 081 ₽ + 6 357 ₽,,
2026-07-15 19:58,LED,TSF,Любой маршрут (мин.),,22438,252,88.9097,2026-09,вылет 2026-09-26 · 2 перес. · 28 ч 35 мин · a/к VF,,
2026-07-15 19:58,LED,TSF,Через Ереван,EVN,19754,222,88.9097,2026-09,Ереван: 13 922 ₽ + 5 832 ₽,,
2026-07-15 19:58,LED,TSF,Через Турцию,IST,19893,224,88.9097,2026-09,Стамбул IST: 13 460 ₽ + 6 433 ₽,,
2026-07-15 19:58,LED,TSF,Через Белград,BEG,25438,286,88.9097,2026-09,Белград: 19 081 ₽ + 6 357 ₽,,
2026-07-16 07:37,MOW,VCE,Любой маршрут (мин.),,18188,205,88.9097,2026-09,вылет 2026-09-29 · 2 перес. · 25 ч 40 мин · a/к 3F,,
2026-07-16 07:37,MOW,VCE,Через Ереван,EVN,14669,165,88.9097,2026-09,Ереван: 9 404 ₽ + 5 265 ₽,,
2026-07-16 07:37,MOW,VCE,Через Турцию,IST,16664,187,88.9097,2026-09,Стамбул IST: 11 031 ₽ + 5 633 ₽,,
2026-07-16 07:37,MOW,VCE,Через Белград,BEG,28018,315,88.9097,2026-09,Белград: 21 661 ₽ + 6 357 ₽,,
2026-07-16 07:37,MOW,TSF,Любой маршрут (мин.),,18831,212,88.9097,2026-09,вылет 2026-09-19 · 2 перес. · 43 ч 50 мин · a/к UT,,
2026-07-16 07:37,MOW,TSF,Через Ереван,EVN,14669,165,88.9097,2026-09,Ереван: 9 404 ₽ + 5 265 ₽,,
2026-07-16 07:37,MOW,TSF,Через Турцию,IST,17464,196,88.9097,2026-09,Стамбул IST: 11 031 ₽ + 6 433 ₽,,
2026-07-16 07:37,MOW,TSF,Через Белград,BEG,28018,315,88.9097,2026-09,Белград: 21 661 ₽ + 6 357 ₽,,
2026-07-16 07:37,LED,VCE,Любой маршрут (мин.),,17163,193,88.9097,2026-09,вылет 2026-09-20 · 2 перес. · 20 ч 5 мин · a/к VF,,
2026-07-16 07:37,LED,VCE,Через Ереван,EVN,19187,216,88.9097,2026-09,Ереван: 13 922 ₽ + 5 265 ₽,,
2026-07-16 07:37,LED,VCE,Через Турцию,IST,19413,218,88.9097,2026-09,Стамбул IST: 13 780 ₽ + 5 633 ₽,,
2026-07-16 07:37,LED,VCE,Через Белград,BEG,25058,282,88.9097,2026-09,Белград: 18 701 ₽ + 6 357 ₽,,
2026-07-16 07:37,LED,TSF,Любой маршрут (мин.),,22438,252,88.9097,2026-09,вылет 2026-09-26 · 2 перес. · 28 ч 35 мин · a/к VF,,
2026-07-16 07:37,LED,TSF,Через Ереван,EVN,19187,216,88.9097,2026-09,Ереван: 13 922 ₽ + 5 265 ₽,,
2026-07-16 07:37,LED,TSF,Через Турцию,IST,20213,227,88.9097,2026-09,Стамбул IST: 13 780 ₽ + 6 433 ₽,,
2026-07-16 07:37,LED,TSF,Через Белград,BEG,25058,282,88.9097,2026-09,Белград: 18 701 ₽ + 6 357 ₽,,
2026-07-16 13:06,MOW,VCE,Любой маршрут (мин.),,18153,204,88.9097,2026-09,вылет 2026-09-29 · 2 перес. · 25 ч 40 мин · a/к 3F,,
2026-07-16 13:06,MOW,VCE,Через Ереван,EVN,15756,177,88.9097,2026-09,Ереван: 9 471 ₽ + 6 285 ₽,,
2026-07-16 13:06,MOW,VCE,Через Турцию,IST,17160,193,88.9097,2026-09,Стамбул IST: 10 996 ₽ + 6 164 ₽,,
2026-07-16 13:06,MOW,VCE,Через Белград,BEG,28390,319,88.9097,2026-09,Белград: 22 033 ₽ + 6 357 ₽,,
2026-07-16 13:06,MOW,TSF,Любой маршрут (мин.),,20243,228,88.9097,2026-09,вылет 2026-09-29 · 2 перес. · 35 ч 55 мин · a/к DP,,
2026-07-16 13:06,MOW,TSF,Через Ереван,EVN,15756,177,88.9097,2026-09,Ереван: 9 471 ₽ + 6 285 ₽,,
2026-07-16 13:06,MOW,TSF,Через Турцию,IST,17429,196,88.9097,2026-09,Стамбул IST: 10 996 ₽ + 6 433 ₽,,
2026-07-16 13:06,MOW,TSF,Через Белград,BEG,28390,319,88.9097,2026-09,Белград: 22 033 ₽ + 6 357 ₽,,
2026-07-16 13:06,LED,VCE,Любой маршрут (мин.),,17163,193,88.9097,2026-09,вылет 2026-09-20 · 2 перес. · 20 ч 5 мин · a/к VF,,
2026-07-16 13:06,LED,VCE,Через Ереван,EVN,18794,211,88.9097,2026-09,Ереван: 12 509 ₽ + 6 285 ₽,,
2026-07-16 13:06,LED,VCE,Через Турцию,IST,20077,226,88.9097,2026-09,Стамбул IST: 13 913 ₽ + 6 164 ₽,,
2026-07-16 13:06,LED,VCE,Через Белград,BEG,25139,283,88.9097,2026-09,Белград: 18 782 ₽ + 6 357 ₽,,
2026-07-16 13:06,LED,TSF,Любой маршрут (мин.),,22659,255,88.9097,2026-09,вылет 2026-09-26 · 2 перес. · 28 ч 35 мин · a/к VF,,
2026-07-16 13:06,LED,TSF,Через Ереван,EVN,18794,211,88.9097,2026-09,Ереван: 12 509 ₽ + 6 285 ₽,,
2026-07-16 13:06,LED,TSF,Через Турцию,IST,20346,229,88.9097,2026-09,Стамбул IST: 13 913 ₽ + 6 433 ₽,,
2026-07-16 13:06,LED,TSF,Через Белград,BEG,25139,283,88.9097,2026-09,Белград: 18 782 ₽ + 6 357 ₽,,
2026-07-16 19:45,MOW,VCE,Любой маршрут (мин.),,18163,203,89.3296,2026-09,вылет 2026-09-29 · 2 перес. · 25 ч 40 мин · a/к 3F,,
2026-07-16 19:45,MOW,VCE,Через Ереван,EVN,15795,177,89.3296,2026-09,Ереван: 9 510 ₽ + 6 285 ₽,,
2026-07-16 19:45,MOW,VCE,Через Турцию,IST,17210,193,89.3296,2026-09,Стамбул IST: 11 031 ₽ + 6 179 ₽,,
2026-07-16 19:45,MOW,VCE,Через Белград,BEG,28102,315,89.3296,2026-09,Белград: 21 745 ₽ + 6 357 ₽,,
2026-07-16 19:45,MOW,TSF,Любой маршрут (мин.),,20255,227,89.3296,2026-09,вылет 2026-09-29 · 2 перес. · 35 ч 55 мин · a/к DP,,
2026-07-16 19:45,MOW,TSF,Через Ереван,EVN,15795,177,89.3296,2026-09,Ереван: 9 510 ₽ + 6 285 ₽,,
2026-07-16 19:45,MOW,TSF,Через Турцию,IST,17468,196,89.3296,2026-09,Стамбул IST: 11 031 ₽ + 6 437 ₽,,
2026-07-16 19:45,MOW,TSF,Через Белград,BEG,28102,315,89.3296,2026-09,Белград: 21 745 ₽ + 6 357 ₽,,
2026-07-16 19:45,LED,VCE,Любой маршрут (мин.),,17568,197,89.3296,2026-09,вылет 2026-09-20 · 2 перес. · 20 ч 5 мин · a/к VF,,
2026-07-16 19:45,LED,VCE,Через Ереван,EVN,18786,210,89.3296,2026-09,Ереван: 12 501 ₽ + 6 285 ₽,,
2026-07-16 19:45,LED,VCE,Через Турцию,IST,19788,222,89.3296,2026-09,Стамбул IST: 13 609 ₽ + 6 179 ₽,,
2026-07-16 19:45,LED,VCE,Через Белград,BEG,25121,281,89.3296,2026-09,Белград: 18 764 ₽ + 6 357 ₽,,
2026-07-16 19:45,LED,TSF,Любой маршрут (мин.),,22569,253,89.3296,2026-09,вылет 2026-09-28 · 2 перес. · 27 ч 20 мин · a/к VF,,
2026-07-16 19:45,LED,TSF,Через Ереван,EVN,18786,210,89.3296,2026-09,Ереван: 12 501 ₽ + 6 285 ₽,,
2026-07-16 19:45,LED,TSF,Через Турцию,IST,20046,224,89.3296,2026-09,Стамбул IST: 13 609 ₽ + 6 437 ₽,,
2026-07-16 19:45,LED,TSF,Через Белград,BEG,25121,281,89.3296,2026-09,Белград: 18 764 ₽ + 6 357 ₽,,
2026-07-17 07:34,MOW,VCE,Любой маршрут (мин.),,18084,202,89.3296,2026-09,вылет 2026-09-29 · 2 перес. · 25 ч 40 мин · a/к 3F,,
2026-07-17 07:34,MOW,VCE,Через Ереван,EVN,15783,177,89.3296,2026-09,Ереван: 9 498 ₽ + 6 285 ₽,,
2026-07-17 07:34,MOW,VCE,Через Турцию,IST,17215,193,89.3296,2026-09,Стамбул IST: 11 044 ₽ + 6 171 ₽,,
2026-07-17 07:34,MOW,VCE,Через Белград,BEG,27770,311,89.3296,2026-09,Белград: 21 413 ₽ + 6 357 ₽,,
2026-07-17 07:34,MOW,TSF,Любой маршрут (мин.),,19983,224,89.3296,2026-09,вылет 2026-09-29 · 2 перес. · 35 ч 55 мин · a/к DP,,
2026-07-17 07:34,MOW,TSF,Через Ереван,EVN,15783,177,89.3296,2026-09,Ереван: 9 498 ₽ + 6 285 ₽,,
2026-07-17 07:34,MOW,TSF,Через Турцию,IST,17473,196,89.3296,2026-09,Стамбул IST: 11 044 ₽ + 6 429 ₽,,
2026-07-17 07:34,MOW,TSF,Через Белград,BEG,27770,311,89.3296,2026-09,Белград: 21 413 ₽ + 6 357 ₽,,
2026-07-17 07:34,LED,VCE,Любой маршрут (мин.),,17546,196,89.3296,2026-09,вылет 2026-09-20 · 2 перес. · 20 ч 5 мин · a/к VF,,
2026-07-17 07:34,LED,VCE,Через Ереван,EVN,18911,212,89.3296,2026-09,Ереван: 12 626 ₽ + 6 285 ₽,,
2026-07-17 07:34,LED,VCE,Через Турцию,IST,20052,224,89.3296,2026-09,Стамбул IST: 13 881 ₽ + 6 171 ₽,,
2026-07-17 07:34,LED,VCE,Через Белград,BEG,25803,289,89.3296,2026-09,Белград: 19 446 ₽ + 6 357 ₽,,
2026-07-17 07:34,LED,TSF,Любой маршрут (мин.),,22569,253,89.3296,2026-09,вылет 2026-09-28 · 2 перес. · 27 ч 20 мин · a/к VF,,
2026-07-17 07:34,LED,TSF,Через Ереван,EVN,18911,212,89.3296,2026-09,Ереван: 12 626 ₽ + 6 285 ₽,,
2026-07-17 07:34,LED,TSF,Через Турцию,IST,20310,227,89.3296,2026-09,Стамбул IST: 13 881 ₽ + 6 429 ₽,,
2026-07-17 07:34,LED,TSF,Через Белград,BEG,25803,289,89.3296,2026-09,Белград: 19 446 ₽ + 6 357 ₽,,
2026-07-17 12:03,MOW,VCE,Любой маршрут (мин.),,18084,202,89.3296,2026-09,вылет 2026-09-29 · 2 перес. · 25 ч 40 мин · a/к 3F,,
2026-07-17 12:03,MOW,VCE,Через Ереван,EVN,15783,177,89.3296,2026-09,Ереван: 9 498 ₽ + 6 285 ₽,,
2026-07-17 12:03,MOW,VCE,Через Турцию,IST,11398,128,89.3296,2026-09,Стамбул IST: 5 513 ₽ + 5 885 ₽,,
2026-07-17 12:03,MOW,VCE,Через Белград,BEG,22253,249,89.3296,2026-09,Белград: 15 896 ₽ + 6 357 ₽,,
2026-07-17 12:03,MOW,TSF,Любой маршрут (мин.),,19983,224,89.3296,2026-09,вылет 2026-09-29 · 2 перес. · 35 ч 55 мин · a/к DP,,
2026-07-17 12:03,MOW,TSF,Через Ереван,EVN,15783,177,89.3296,2026-09,Ереван: 9 498 ₽ + 6 285 ₽,,
2026-07-17 12:03,MOW,TSF,Через Турцию,IST,11966,134,89.3296,2026-09,Стамбул IST: 5 513 ₽ + 6 453 ₽,,
2026-07-17 12:03,MOW,TSF,Через Белград,BEG,22253,249,89.3296,2026-09,Белград: 15 896 ₽ + 6 357 ₽,,
2026-07-17 12:03,LED,VCE,Любой маршрут (мин.),,17546,196,89.3296,2026-09,вылет 2026-09-20 · 2 перес. · 20 ч 5 мин · a/к VF,,
2026-07-17 12:03,LED,VCE,Через Ереван,EVN,18911,212,89.3296,2026-09,Ереван: 12 626 ₽ + 6 285 ₽,,
2026-07-17 12:03,LED,VCE,Через Турцию,IST,17071,191,89.3296,2026-09,Стамбул IST: 11 186 ₽ + 5 885 ₽,,
2026-07-17 12:03,LED,VCE,Через Белград,BEG,25828,289,89.3296,2026-09,Белград: 19 471 ₽ + 6 357 ₽,,
2026-07-17 12:03,LED,TSF,Любой маршрут (мин.),,22569,253,89.3296,2026-09,вылет 2026-09-28 · 2 перес. · 27 ч 20 мин · a/к VF,,
2026-07-17 12:03,LED,TSF,Через Ереван,EVN,18911,212,89.3296,2026-09,Ереван: 12 626 ₽ + 6 285 ₽,,
2026-07-17 12:03,LED,TSF,Через Турцию,IST,17639,197,89.3296,2026-09,Стамбул IST: 11 186 ₽ + 6 453 ₽,,
2026-07-17 12:03,LED,TSF,Через Белград,BEG,25828,289,89.3296,2026-09,Белград: 19 471 ₽ + 6 357 ₽,,
2026-07-17 19:48,MOW,VCE,Любой маршрут (мин.),,17239,192,89.8998,2026-09,вылет 2026-09-23 · 1 перес. · 29 ч 20 мин · a/к UT,,
2026-07-17 19:48,MOW,VCE,Через Ереван,EVN,15678,174,89.8998,2026-09,Ереван: 9 434 ₽ + 6 244 ₽,,
2026-07-17 19:48,MOW,VCE,Через Турцию,IST,16938,188,89.8998,2026-09,Стамбул IST: 11 045 ₽ + 5 893 ₽,,
2026-07-17 19:48,MOW,VCE,Через Белград,BEG,22917,255,89.8998,2026-09,Белград: 16 560 ₽ + 6 357 ₽,,
2026-07-17 19:48,MOW,TSF,Любой маршрут (мин.),,20150,224,89.8998,2026-09,вылет 2026-09-24 · 2 перес. · 28 ч 10 мин · a/к 2S,,
2026-07-17 19:48,MOW,TSF,Через Ереван,EVN,15801,176,89.8998,2026-09,Ереван: 9 434 ₽ + 6 367 ₽,,
2026-07-17 19:48,MOW,TSF,Через Турцию,IST,17484,194,89.8998,2026-09,Стамбул IST: 11 045 ₽ + 6 439 ₽,,
2026-07-17 19:48,MOW,TSF,Через Белград,BEG,22917,255,89.8998,2026-09,Белград: 16 560 ₽ + 6 357 ₽,,
2026-07-17 19:48,LED,VCE,Любой маршрут (мин.),,17546,195,89.8998,2026-09,вылет 2026-09-20 · 2 перес. · 20 ч 5 мин · a/к VF,,
2026-07-17 19:48,LED,VCE,Через Ереван,EVN,18872,210,89.8998,2026-09,Ереван: 12 628 ₽ + 6 244 ₽,,
2026-07-17 19:48,LED,VCE,Через Турцию,IST,19941,222,89.8998,2026-09,Стамбул IST: 14 048 ₽ + 5 893 ₽,,
2026-07-17 19:48,LED,VCE,Через Белград,BEG,25845,287,89.8998,2026-09,Белград: 19 488 ₽ + 6 357 ₽,,
2026-07-17 19:48,LED,TSF,Любой маршрут (мин.),,22588,251,89.8998,2026-09,вылет 2026-09-01 · 2 перес. · 42 ч 25 мин · a/к PC,,
2026-07-17 19:48,LED,TSF,Через Ереван,EVN,18995,211,89.8998,2026-09,Ереван: 12 628 ₽ + 6 367 ₽,,
2026-07-17 19:48,LED,TSF,Через Турцию,IST,20487,228,89.8998,2026-09,Стамбул IST: 14 048 ₽ + 6 439 ₽,,
2026-07-17 19:48,LED,TSF,Через Белград,BEG,25845,287,89.8998,2026-09,Белград: 19 488 ₽ + 6 357 ₽,,
2026-07-18 07:10,MOW,VCE,Любой маршрут (мин.),,17584,196,89.8998,2026-09,вылет 2026-09-29 · 2 перес. · 25 ч 40 мин · a/к 3F,,
2026-07-18 07:10,MOW,VCE,Через Ереван,EVN,15686,174,89.8998,2026-09,Ереван: 9 443 ₽ + 6 243 ₽,,
2026-07-18 07:10,MOW,VCE,Через Турцию,IST,17002,189,89.8998,2026-09,Стамбул IST: 11 109 ₽ + 5 893 ₽,,
2026-07-18 07:10,MOW,VCE,Через Белград,BEG,28003,311,89.8998,2026-09,Белград: 21 646 ₽ + 6 357 ₽,,
2026-07-18 07:10,MOW,TSF,Любой маршрут (мин.),,20195,225,89.8998,2026-09,вылет 2026-09-24 · 2 перес. · 28 ч 10 мин · a/к 2S,,
2026-07-18 07:10,MOW,TSF,Через Ереван,EVN,15809,176,89.8998,2026-09,Ереван: 9 443 ₽ + 6 366 ₽,,
2026-07-18 07:10,MOW,TSF,Через Турцию,IST,17547,195,89.8998,2026-09,Стамбул IST: 11 109 ₽ + 6 438 ₽,,
2026-07-18 07:10,MOW,TSF,Через Белград,BEG,28003,311,89.8998,2026-09,Белград: 21 646 ₽ + 6 357 ₽,,
2026-07-18 07:10,LED,VCE,Любой маршрут (мин.),,17546,195,89.8998,2026-09,вылет 2026-09-20 · 2 перес. · 20 ч 5 мин · a/к VF,,
2026-07-18 07:10,LED,VCE,Через Ереван,EVN,18927,211,89.8998,2026-09,Ереван: 12 684 ₽ + 6 243 ₽,,
2026-07-18 07:10,LED,VCE,Через Турцию,IST,20010,223,89.8998,2026-09,Стамбул IST: 14 117 ₽ + 5 893 ₽,,
2026-07-18 07:10,LED,VCE,Через Белград,BEG,25674,286,89.8998,2026-09,Белград: 19 317 ₽ + 6 357 ₽,,
2026-07-18 07:10,LED,TSF,Любой маршрут (мин.),,22585,251,89.8998,2026-09,вылет 2026-09-01 · 2 перес. · 42 ч 25 мин · a/к PC,,
2026-07-18 07:10,LED,TSF,Через Ереван,EVN,19050,212,89.8998,2026-09,Ереван: 12 684 ₽ + 6 366 ₽,,
2026-07-18 07:10,LED,TSF,Через Турцию,IST,20555,229,89.8998,2026-09,Стамбул IST: 14 117 ₽ + 6 438 ₽,,
2026-07-18 07:10,LED,TSF,Через Белград,BEG,25674,286,89.8998,2026-09,Белград: 19 317 ₽ + 6 357 ₽,,
2026-07-18 11:32,MOW,VCE,Любой маршрут (мин.),,17584,196,89.8998,2026-09,вылет 2026-09-29 · 2 перес. · 25 ч 40 мин · a/к 3F,,
2026-07-18 11:32,MOW,VCE,Через Ереван,EVN,15773,175,89.8998,2026-09,Ереван: 9 508 ₽ + 6 265 ₽,,
2026-07-18 11:32,MOW,VCE,Через Турцию,IST,17002,189,89.8998,2026-09,Стамбул IST: 11 109 ₽ + 5 893 ₽,,
2026-07-18 11:32,MOW,VCE,Через Белград,BEG,27817,309,89.8998,2026-09,Белград: 21 460 ₽ + 6 357 ₽,,
2026-07-18 11:32,MOW,TSF,Любой маршрут (мин.),,20195,225,89.8998,2026-09,вылет 2026-09-24 · 2 перес. · 28 ч 10 мин · a/к 2S,,
2026-07-18 11:32,MOW,TSF,Через Ереван,EVN,15874,177,89.8998,2026-09,Ереван: 9 508 ₽ + 6 366 ₽,,
2026-07-18 11:32,MOW,TSF,Через Турцию,IST,17547,195,89.8998,2026-09,Стамбул IST: 11 109 ₽ + 6 438 ₽,,
2026-07-18 11:32,MOW,TSF,Через Белград,BEG,27817,309,89.8998,2026-09,Белград: 21 460 ₽ + 6 357 ₽,,
2026-07-18 11:32,LED,VCE,Любой маршрут (мин.),,17546,195,89.8998,2026-09,вылет 2026-09-20 · 2 перес. · 20 ч 5 мин · a/к VF,,
2026-07-18 11:32,LED,VCE,Через Ереван,EVN,18949,211,89.8998,2026-09,Ереван: 12 684 ₽ + 6 265 ₽,,
2026-07-18 11:32,LED,VCE,Через Турцию,IST,20070,223,89.8998,2026-09,Стамбул IST: 14 177 ₽ + 5 893 ₽,,
2026-07-18 11:32,LED,VCE,Через Белград,BEG,25928,288,89.8998,2026-09,Белград: 19 571 ₽ + 6 357 ₽,,
2026-07-18 11:32,LED,TSF,Любой маршрут (мин.),,22585,251,89.8998,2026-09,вылет 2026-09-01 · 2 перес. · 42 ч 25 мин · a/к PC,,
2026-07-18 11:32,LED,TSF,Через Ереван,EVN,19050,212,89.8998,2026-09,Ереван: 12 684 ₽ + 6 366 ₽,,
2026-07-18 11:32,LED,TSF,Через Турцию,IST,20615,229,89.8998,2026-09,Стамбул IST: 14 177 ₽ + 6 438 ₽,,
2026-07-18 11:32,LED,TSF,Через Белград,BEG,25928,288,89.8998,2026-09,Белград: 19 571 ₽ + 6 357 ₽,,
2026-07-18 19:55,MOW,VCE,Любой маршрут (мин.),,17298,192,89.8998,2026-09,вылет 2026-09-23 · 1 перес. · 29 ч 20 мин · a/к UT,,
2026-07-18 19:55,MOW,VCE,Через Ереван,EVN,15758,175,89.8998,2026-09,Ереван: 9 493 ₽ + 6 265 ₽,,
2026-07-18 19:55,MOW,VCE,Через Турцию,IST,17002,189,89.8998,2026-09,Стамбул IST: 11 109 ₽ + 5 893 ₽,,
2026-07-18 19:55,MOW,VCE,Через Белград,BEG,27955,311,89.8998,2026-09,Белград: 21 885 ₽ + 6 070 ₽,,
2026-07-18 19:55,MOW,TSF,Любой маршрут (мин.),,20195,225,89.8998,2026-09,вылет 2026-09-24 · 2 перес. · 28 ч 10 мин · a/к 2S,,
2026-07-18 19:55,MOW,TSF,Через Ереван,EVN,15859,176,89.8998,2026-09,Ереван: 9 493 ₽ + 6 366 ₽,,
2026-07-18 19:55,MOW,TSF,Через Турцию,IST,17538,195,89.8998,2026-09,Стамбул IST: 11 109 ₽ + 6 429 ₽,,
2026-07-18 19:55,MOW,TSF,Через Белград,BEG,27955,311,89.8998,2026-09,Белград: 21 885 ₽ + 6 070 ₽,,
2026-07-18 19:55,LED,VCE,Любой маршрут (мин.),,17566,195,89.8998,2026-09,вылет 2026-09-20 · 2 перес. · 20 ч 5 мин · a/к VF,,
2026-07-18 19:55,LED,VCE,Через Ереван,EVN,18949,211,89.8998,2026-09,Ереван: 12 684 ₽ + 6 265 ₽,,
2026-07-18 19:55,LED,VCE,Через Турцию,IST,20075,223,89.8998,2026-09,Стамбул IST: 14 182 ₽ + 5 893 ₽,,
2026-07-18 19:55,LED,VCE,Через Белград,BEG,25336,282,89.8998,2026-09,Белград: 19 266 ₽ + 6 070 ₽,,
2026-07-18 19:55,LED,TSF,Любой маршрут (мин.),,22585,251,89.8998,2026-09,вылет 2026-09-01 · 2 перес. · 42 ч 25 мин · a/к PC,,
2026-07-18 19:55,LED,TSF,Через Ереван,EVN,19050,212,89.8998,2026-09,Ереван: 12 684 ₽ + 6 366 ₽,,
2026-07-18 19:55,LED,TSF,Через Турцию,IST,20611,229,89.8998,2026-09,Стамбул IST: 14 182 ₽ + 6 429 ₽,,
2026-07-18 19:55,LED,TSF,Через Белград,BEG,25336,282,89.8998,2026-09,Белград: 19 266 ₽ + 6 070 ₽,,
2026-07-19 07:51,MOW,VCE,Любой маршрут (мин.),,17603,196,89.8998,2026-09,вылет 2026-09-29 · 2 перес. · 25 ч 40 мин · a/к 3F,,
2026-07-19 07:51,MOW,VCE,Через Ереван,EVN,15797,176,89.8998,2026-09,Ереван: 9 532 ₽ + 6 265 ₽,,
2026-07-19 07:51,MOW,VCE,Через Турцию,IST,17167,191,89.8998,2026-09,Стамбул IST: 11 109 ₽ + 6 058 ₽,,
2026-07-19 07:51,MOW,VCE,Через Белград,BEG,28113,313,89.8998,2026-09,Белград: 22 043 ₽ + 6 070 ₽,,
2026-07-19 07:51,MOW,TSF,Любой маршрут (мин.),,20484,228,89.8998,2026-09,вылет 2026-09-24 · 2 перес. · 28 ч 10 мин · a/к 2S,,
2026-07-19 07:51,MOW,TSF,Через Ереван,EVN,15898,177,89.8998,2026-09,Ереван: 9 532 ₽ + 6 366 ₽,,
2026-07-19 07:51,MOW,TSF,Через Турцию,IST,17538,195,89.8998,2026-09,Стамбул IST: 11 109 ₽ + 6 429 ₽,,
2026-07-19 07:51,MOW,TSF,Через Белград,BEG,28113,313,89.8998,2026-09,Белград: 22 043 ₽ + 6 070 ₽,,
2026-07-19 07:51,LED,VCE,Любой маршрут (мин.),,17566,195,89.8998,2026-09,вылет 2026-09-20 · 2 перес. · 20 ч 5 мин · a/к VF,,
2026-07-19 07:51,LED,VCE,Через Ереван,EVN,18949,211,89.8998,2026-09,Ереван: 12 684 ₽ + 6 265 ₽,,
2026-07-19 07:51,LED,VCE,Через Турцию,IST,19677,219,89.8998,2026-09,Стамбул IST: 13 619 ₽ + 6 058 ₽,,
2026-07-19 07:51,LED,VCE,Через Белград,BEG,26078,290,89.8998,2026-09,Белград: 20 008 ₽ + 6 070 ₽,,
2026-07-19 07:51,LED,TSF,Любой маршрут (мин.),,22585,251,89.8998,2026-09,вылет 2026-09-01 · 2 перес. · 42 ч 25 мин · a/к PC,,
2026-07-19 07:51,LED,TSF,Через Ереван,EVN,19050,212,89.8998,2026-09,Ереван: 12 684 ₽ + 6 366 ₽,,
2026-07-19 07:51,LED,TSF,Через Турцию,IST,20048,223,89.8998,2026-09,Стамбул IST: 13 619 ₽ + 6 429 ₽,,
2026-07-19 07:51,LED,TSF,Через Белград,BEG,26078,290,89.8998,2026-09,Белград: 20 008 ₽ + 6 070 ₽,,
2026-07-19 11:39,MOW,VCE,Любой маршрут (мин.),,17795,198,89.8998,2026-09,вылет 2026-09-23 · 1 перес. · 29 ч 20 мин · a/к UT,,
2026-07-19 11:39,MOW,VCE,Через Ереван,EVN,15818,176,89.8998,2026-09,Ереван: 9 553 ₽ + 6 265 ₽,,
2026-07-19 11:39,MOW,VCE,Через Турцию,IST,17179,191,89.8998,2026-09,Стамбул IST: 11 109 ₽ + 6 070 ₽,,
2026-07-19 11:39,MOW,VCE,Через Белград,BEG,27943,311,89.8998,2026-09,Белград: 21 873 ₽ + 6 070 ₽,,
2026-07-19 11:39,MOW,TSF,Любой маршрут (мин.),,20526,228,89.8998,2026-09,вылет 2026-09-24 · 2 перес. · 28 ч 10 мин · a/к 2S,,
2026-07-19 11:39,MOW,TSF,Через Ереван,EVN,15919,177,89.8998,2026-09,Ереван: 9 553 ₽ + 6 366 ₽,,
2026-07-19 11:39,MOW,TSF,Через Турцию,IST,17538,195,89.8998,2026-09,Стамбул IST: 11 109 ₽ + 6 429 ₽,,
2026-07-19 11:39,MOW,TSF,Через Белград,BEG,27943,311,89.8998,2026-09,Белград: 21 873 ₽ + 6 070 ₽,,
2026-07-19 11:39,LED,VCE,Любой маршрут (мин.),,17566,195,89.8998,2026-09,вылет 2026-09-20 · 2 перес. · 20 ч 5 мин · a/к VF,,
2026-07-19 11:39,LED,VCE,Через Ереван,EVN,18949,211,89.8998,2026-09,Ереван: 12 684 ₽ + 6 265 ₽,,
2026-07-19 11:39,LED,VCE,Через Турцию,IST,19792,220,89.8998,2026-09,Стамбул IST: 13 722 ₽ + 6 070 ₽,,
2026-07-19 11:39,LED,VCE,Через Белград,BEG,25641,285,89.8998,2026-09,Белград: 19 571 ₽ + 6 070 ₽,,
2026-07-19 11:39,LED,TSF,Любой маршрут (мин.),,22585,251,89.8998,2026-09,вылет 2026-09-01 · 2 перес. · 42 ч 25 мин · a/к PC,,
2026-07-19 11:39,LED,TSF,Через Ереван,EVN,19050,212,89.8998,2026-09,Ереван: 12 684 ₽ + 6 366 ₽,,
2026-07-19 11:39,LED,TSF,Через Турцию,IST,20151,224,89.8998,2026-09,Стамбул IST: 13 722 ₽ + 6 429 ₽,,
2026-07-19 11:39,LED,TSF,Через Белград,BEG,25641,285,89.8998,2026-09,Белград: 19 571 ₽ + 6 070 ₽,,
2026-07-19 19:58,MOW,VCE,Любой маршрут (мин.),,17288,192,89.8998,2026-09,вылет 2026-09-23 · 1 перес. · 29 ч 20 мин · a/к UT,,
2026-07-19 19:58,MOW,VCE,Через Ереван,EVN,15809,176,89.8998,2026-09,Ереван: 9 544 ₽ + 6 265 ₽,,
2026-07-19 19:58,MOW,VCE,Через Турцию,IST,17280,192,89.8998,2026-09,Стамбул IST: 11 109 ₽ + 6 171 ₽,,
2026-07-19 19:58,MOW,VCE,Через Белград,BEG,28086,312,89.8998,2026-09,Белград: 22 016 ₽ + 6 070 ₽,,
2026-07-19 19:58,MOW,TSF,Любой маршрут (мин.),,20526,228,89.8998,2026-09,вылет 2026-09-24 · 2 перес. · 28 ч 10 мин · a/к 2S,,
2026-07-19 19:58,MOW,TSF,Через Ереван,EVN,15910,177,89.8998,2026-09,Ереван: 9 544 ₽ + 6 366 ₽,,
2026-07-19 19:58,MOW,TSF,Через Турцию,IST,17538,195,89.8998,2026-09,Стамбул IST: 11 109 ₽ + 6 429 ₽,,
2026-07-19 19:58,MOW,TSF,Через Белград,BEG,28086,312,89.8998,2026-09,Белград: 22 016 ₽ + 6 070 ₽,,
2026-07-19 19:58,LED,VCE,Любой маршрут (мин.),,17083,190,89.8998,2026-09,вылет 2026-09-20 · 2 перес. · 20 ч 5 мин · a/к VF,,
2026-07-19 19:58,LED,VCE,Через Ереван,EVN,18949,211,89.8998,2026-09,Ереван: 12 684 ₽ + 6 265 ₽,,
2026-07-19 19:58,LED,VCE,Через Турцию,IST,20348,226,89.8998,2026-09,Стамбул IST: 14 177 ₽ + 6 171 ₽,,
2026-07-19 19:58,LED,VCE,Через Белград,BEG,25641,285,89.8998,2026-09,Белград: 19 571 ₽ + 6 070 ₽,,
2026-07-19 19:58,LED,TSF,Любой маршрут (мин.),,22585,251,89.8998,2026-09,вылет 2026-09-01 · 2 перес. · 42 ч 25 мин · a/к PC,,
2026-07-19 19:58,LED,TSF,Через Ереван,EVN,19050,212,89.8998,2026-09,Ереван: 12 684 ₽ + 6 366 ₽,,
2026-07-19 19:58,LED,TSF,Через Турцию,IST,20606,229,89.8998,2026-09,Стамбул IST: 14 177 ₽ + 6 429 ₽,,
2026-07-19 19:58,LED,TSF,Через Белград,BEG,25641,285,89.8998,2026-09,Белград: 19 571 ₽ + 6 070 ₽,,
2026-07-20 10:33,MOW,VCE,Любой маршрут (мин.),,17306,193,89.8998,2026-09,вылет 2026-09-23 · 1 перес. · 29 ч 20 мин · a/к UT,,
2026-07-20 10:33,MOW,VCE,Через Ереван,EVN,15718,175,89.8998,2026-09,Ереван: 9 510 ₽ + 6 208 ₽,,
2026-07-20 10:33,MOW,VCE,Через Турцию,IST,17280,192,89.8998,2026-09,Стамбул IST: 11 109 ₽ + 6 171 ₽,,
2026-07-20 10:33,MOW,VCE,Через Белград,BEG,28026,312,89.8998,2026-09,Белград: 21 956 ₽ + 6 070 ₽,,
2026-07-20 10:33,MOW,TSF,Любой маршрут (мин.),,20547,229,89.8998,2026-09,вылет 2026-09-24 · 2 перес. · 28 ч 10 мин · a/к 2S,,
2026-07-20 10:33,MOW,TSF,Через Ереван,EVN,15718,175,89.8998,2026-09,Ереван: 9 510 ₽ + 6 208 ₽,,
2026-07-20 10:33,MOW,TSF,Через Турцию,IST,17469,194,89.8998,2026-09,Стамбул IST: 11 109 ₽ + 6 360 ₽,,
2026-07-20 10:33,MOW,TSF,Через Белград,BEG,28026,312,89.8998,2026-09,Белград: 21 956 ₽ + 6 070 ₽,,
2026-07-20 10:33,LED,VCE,Любой маршрут (мин.),,17101,190,89.8998,2026-09,вылет 2026-09-20 · 2 перес. · 20 ч 5 мин · a/к VF,,
2026-07-20 10:33,LED,VCE,Через Ереван,EVN,18933,211,89.8998,2026-09,Ереван: 12 725 ₽ + 6 208 ₽,,
2026-07-20 10:33,LED,VCE,Через Турцию,IST,20377,227,89.8998,2026-09,Стамбул IST: 14 206 ₽ + 6 171 ₽,,
2026-07-20 10:33,LED,VCE,Через Белград,BEG,25691,286,89.8998,2026-09,Белград: 19 621 ₽ + 6 070 ₽,,
2026-07-20 10:33,LED,TSF,Любой маршрут (мин.),,22585,251,89.8998,2026-09,вылет 2026-09-01 · 2 перес. · 42 ч 25 мин · a/к PC,,
2026-07-20 10:33,LED,TSF,Через Ереван,EVN,18933,211,89.8998,2026-09,Ереван: 12 725 ₽ + 6 208 ₽,,
2026-07-20 10:33,LED,TSF,Через Турцию,IST,20566,229,89.8998,2026-09,Стамбул IST: 14 206 ₽ + 6 360 ₽,,
2026-07-20 10:33,LED,TSF,Через Белград,BEG,25691,286,89.8998,2026-09,Белград: 19 621 ₽ + 6 070 ₽,,
2026-07-20 20:49,MOW,VCE,Любой маршрут (мин.),,16383,183,89.5542,2026-09,вылет 2026-09-23 · 1 перес. · 29 ч 20 мин · a/к UT,,
2026-07-20 20:49,MOW,VCE,Через Ереван,EVN,14912,167,89.5542,2026-09,Ереван: 9 492 ₽ + 5 420 ₽,,
2026-07-20 20:49,MOW,VCE,Через Турцию,IST,17436,195,89.5542,2026-09,Стамбул IST: 11 109 ₽ + 6 327 ₽,,
2026-07-20 20:49,MOW,VCE,Через Белград,BEG,28786,321,89.5542,2026-09,Белград: 22 716 ₽ + 6 070 ₽,,
2026-07-20 20:49,MOW,TSF,Любой маршрут (мин.),,20547,229,89.5542,2026-09,вылет 2026-09-24 · 2 перес. · 28 ч 10 мин · a/к 2S,,
2026-07-20 20:49,MOW,TSF,Через Ереван,EVN,15706,175,89.5542,2026-09,Ереван: 9 492 ₽ + 6 214 ₽,,
2026-07-20 20:49,MOW,TSF,Через Турцию,IST,17469,195,89.5542,2026-09,Стамбул IST: 11 109 ₽ + 6 360 ₽,,
2026-07-20 20:49,MOW,TSF,Через Белград,BEG,28786,321,89.5542,2026-09,Белград: 22 716 ₽ + 6 070 ₽,,
2026-07-20 20:49,LED,VCE,Любой маршрут (мин.),,16931,189,89.5542,2026-09,вылет 2026-09-13 · 2 перес. · 20 ч 5 мин · a/к VF,,
2026-07-20 20:49,LED,VCE,Через Ереван,EVN,18104,202,89.5542,2026-09,Ереван: 12 684 ₽ + 5 420 ₽,,
2026-07-20 20:49,LED,VCE,Через Турцию,IST,20480,229,89.5542,2026-09,Стамбул IST: 14 153 ₽ + 6 327 ₽,,
2026-07-20 20:49,LED,VCE,Через Белград,BEG,25539,285,89.5542,2026-09,Белград: 19 469 ₽ + 6 070 ₽,,
2026-07-20 20:49,LED,TSF,Любой маршрут (мин.),,22585,252,89.5542,2026-09,вылет 2026-09-01 · 2 перес. · 42 ч 25 мин · a/к PC,,
2026-07-20 20:49,LED,TSF,Через Ереван,EVN,18898,211,89.5542,2026-09,Ереван: 12 684 ₽ + 6 214 ₽,,
2026-07-20 20:49,LED,TSF,Через Турцию,IST,20513,229,89.5542,2026-09,Стамбул IST: 14 153 ₽ + 6 360 ₽,,
2026-07-20 20:49,LED,TSF,Через Белград,BEG,25539,285,89.5542,2026-09,Белград: 19 469 ₽ + 6 070 ₽,,
2026-07-21 09:19,MOW,VCE,Любой маршрут (мин.),,17879,200,89.5542,2026-09,вылет 2026-09-29 · 2 перес. · 25 ч 40 мин · a/к 3F,,
2026-07-21 09:19,MOW,VCE,Через Ереван,EVN,14781,165,89.5542,2026-09,Ереван: 9 362 ₽ + 5 419 ₽,,
2026-07-21 09:19,MOW,VCE,Через Турцию,IST,17521,196,89.5542,2026-09,Стамбул IST: 11 194 ₽ + 6 327 ₽,,
2026-07-21 09:19,MOW,VCE,Через Белград,BEG,28504,318,89.5542,2026-09,Белград: 22 434 ₽ + 6 070 ₽,,
2026-07-21 09:19,MOW,TSF,Любой маршрут (мин.),,20782,232,89.5542,2026-09,вылет 2026-09-24 · 2 перес. · 28 ч 10 мин · a/к 2S,,
2026-07-21 09:19,MOW,TSF,Через Ереван,EVN,15575,174,89.5542,2026-09,Ереван: 9 362 ₽ + 6 213 ₽,,
2026-07-21 09:19,MOW,TSF,Через Турцию,IST,17554,196,89.5542,2026-09,Стамбул IST: 11 194 ₽ + 6 360 ₽,,
2026-07-21 09:19,MOW,TSF,Через Белград,BEG,28504,318,89.5542,2026-09,Белград: 22 434 ₽ + 6 070 ₽,,
2026-07-21 09:19,LED,VCE,Любой маршрут (мин.),,17101,191,89.5542,2026-09,вылет 2026-09-20 · 2 перес. · 20 ч 5 мин · a/к VF,,
2026-07-21 09:19,LED,VCE,Через Ереван,EVN,18161,203,89.5542,2026-09,Ереван: 12 742 ₽ + 5 419 ₽,,
2026-07-21 09:19,LED,VCE,Через Турцию,IST,20375,228,89.5542,2026-09,Стамбул IST: 14 048 ₽ + 6 327 ₽,,
2026-07-21 09:19,LED,VCE,Через Белград,BEG,25536,285,89.5542,2026-09,Белград: 19 466 ₽ + 6 070 ₽,,
2026-07-21 09:19,LED,TSF,Любой маршрут (мин.),,22542,252,89.5542,2026-09,вылет 2026-09-01 · 2 перес. · 42 ч 25 мин · a/к PC,,
2026-07-21 09:19,LED,TSF,Через Ереван,EVN,18955,212,89.5542,2026-09,Ереван: 12 742 ₽ + 6 213 ₽,,
2026-07-21 09:19,LED,TSF,Через Турцию,IST,20408,228,89.5542,2026-09,Стамбул IST: 14 048 ₽ + 6 360 ₽,,
2026-07-21 09:19,LED,TSF,Через Белград,BEG,25536,285,89.5542,2026-09,Белград: 19 466 ₽ + 6 070 ₽,,
2026-07-21 20:38,MOW,VCE,Любой маршрут (мин.),,13897,155,89.7558,2026-09,вылет 2026-09-20 · 1 перес. · 24 ч 55 мин · a/к SU,,
2026-07-21 20:38,MOW,VCE,Через Ереван,EVN,12148,135,89.7558,2026-09,Ереван: 7 764 ₽ + 4 384 ₽,,
2026-07-21 20:38,MOW,VCE,Через Турцию,IST,17486,195,89.7558,2026-09,Стамбул IST: 11 159 ₽ + 6 327 ₽,,
2026-07-21 20:38,MOW,VCE,Через Белград,BEG,25173,280,89.7558,2026-09,Белград: 19 103 ₽ + 6 070 ₽,,
2026-07-21 20:38,MOW,TSF,Любой маршрут (мин.),,18626,208,89.7558,2026-09,вылет 2026-09-19 · 3 перес. · 44 ч 40 мин · a/к SU,,
2026-07-21 20:38,MOW,TSF,Через Ереван,EVN,13977,156,89.7558,2026-09,Ереван: 7 764 ₽ + 6 213 ₽,,
2026-07-21 20:38,MOW,TSF,Через Турцию,IST,17519,195,89.7558,2026-09,Стамбул IST: 11 159 ₽ + 6 360 ₽,,
2026-07-21 20:38,MOW,TSF,Через Белград,BEG,25173,280,89.7558,2026-09,Белград: 19 103 ₽ + 6 070 ₽,,
2026-07-21 20:38,LED,VCE,Любой маршрут (мин.),,18166,202,89.7558,2026-09,вылет 2026-09-27 · 2 перес. · 20 ч 5 мин · a/к VF,,
2026-07-21 20:38,LED,VCE,Через Ереван,EVN,15854,177,89.7558,2026-09,Ереван: 11 470 ₽ + 4 384 ₽,,
2026-07-21 20:38,LED,VCE,Через Турцию,IST,19729,220,89.7558,2026-09,Стамбул IST: 13 402 ₽ + 6 327 ₽,,
2026-07-21 20:38,LED,VCE,Через Белград,BEG,27036,301,89.7558,2026-09,Белград: 20 966 ₽ + 6 070 ₽,,
2026-07-21 20:38,LED,TSF,Любой маршрут (мин.),,22481,250,89.7558,2026-09,вылет 2026-09-28 · 2 перес. · 27 ч 20 мин · a/к VF,,
2026-07-21 20:38,LED,TSF,Через Ереван,EVN,17683,197,89.7558,2026-09,Ереван: 11 470 ₽ + 6 213 ₽,,
2026-07-21 20:38,LED,TSF,Через Турцию,IST,19762,220,89.7558,2026-09,Стамбул IST: 13 402 ₽ + 6 360 ₽,,
2026-07-21 20:38,LED,TSF,Через Белград,BEG,27036,301,89.7558,2026-09,Белград: 20 966 ₽ + 6 070 ₽,,
2026-07-22 09:17,MOW,VCE,Любой маршрут (мин.),,13088,146,89.7558,2026-09,вылет 2026-09-20 · 1 перес. · 24 ч 55 мин · a/к SU,,
2026-07-22 09:17,MOW,VCE,Через Ереван,EVN,12181,136,89.7558,2026-09,Ереван: 7 797 ₽ + 4 384 ₽,,
2026-07-22 09:17,MOW,VCE,Через Турцию,IST,17493,195,89.7558,2026-09,Стамбул IST: 11 166 ₽ + 6 327 ₽,,
2026-07-22 09:17,MOW,VCE,Через Белград,BEG,25286,282,89.7558,2026-09,Белград: 19 216 ₽ + 6 070 ₽,,
2026-07-22 09:17,MOW,TSF,Любой маршрут (мин.),,18170,202,89.7558,2026-09,вылет 2026-09-19 · 3 перес. · 44 ч 40 мин · a/к SU,,
2026-07-22 09:17,MOW,TSF,Через Ереван,EVN,13784,154,89.7558,2026-09,Ереван: 7 797 ₽ + 5 987 ₽,,
2026-07-22 09:17,MOW,TSF,Через Турцию,IST,17526,195,89.7558,2026-09,Стамбул IST: 11 166 ₽ + 6 360 ₽,,
2026-07-22 09:17,MOW,TSF,Через Белград,BEG,25286,282,89.7558,2026-09,Белград: 19 216 ₽ + 6 070 ₽,,
2026-07-22 09:17,LED,VCE,Любой маршрут (мин.),,18166,202,89.7558,2026-09,вылет 2026-09-27 · 2 перес. · 20 ч 5 мин · a/к VF,,
2026-07-22 09:17,LED,VCE,Через Ереван,EVN,15564,173,89.7558,2026-09,Ереван: 11 180 ₽ + 4 384 ₽,,
2026-07-22 09:17,LED,VCE,Через Турцию,IST,19525,218,89.7558,2026-09,Стамбул IST: 13 198 ₽ + 6 327 ₽,,
2026-07-22 09:17,LED,VCE,Через Белград,BEG,26313,293,89.7558,2026-09,Белград: 20 243 ₽ + 6 070 ₽,,
2026-07-22 09:17,LED,TSF,Любой маршрут (мин.),,22482,250,89.7558,2026-09,вылет 2026-09-28 · 2 перес. · 27 ч 20 мин · a/к VF,,
2026-07-22 09:17,LED,TSF,Через Ереван,EVN,17167,191,89.7558,2026-09,Ереван: 11 180 ₽ + 5 987 ₽,,
2026-07-22 09:17,LED,TSF,Через Турцию,IST,19558,218,89.7558,2026-09,Стамбул IST: 13 198 ₽ + 6 360 ₽,,
2026-07-22 09:17,LED,TSF,Через Белград,BEG,26313,293,89.7558,2026-09,Белград: 20 243 ₽ + 6 070 ₽,,
2026-07-22 20:19,MOW,VCE,Любой маршрут (мин.),,13232,148,89.6034,2026-09,вылет 2026-09-26 · 1 перес. · 28 ч 5 мин · a/к SU,,
2026-07-22 20:19,MOW,VCE,Через Ереван,EVN,12156,136,89.6034,2026-09,Ереван: 7 799 ₽ + 4 357 ₽,,
2026-07-22 20:19,MOW,VCE,Через Турцию,IST,17165,192,89.6034,2026-09,Стамбул IST: 11 041 ₽ + 6 124 ₽,,
2026-07-22 20:19,MOW,VCE,Через Белград,BEG,23970,268,89.6034,2026-09,Белград: 18 385 ₽ + 5 585 ₽,,
2026-07-22 20:19,MOW,TSF,Любой маршрут (мин.),,18333,205,89.6034,2026-09,вылет 2026-09-15 · 3 перес. · 33 ч 30 мин · a/к SU,,
2026-07-22 20:19,MOW,TSF,Через Ереван,EVN,13746,153,89.6034,2026-09,Ереван: 7 799 ₽ + 5 947 ₽,,
2026-07-22 20:19,MOW,TSF,Через Турцию,IST,17401,194,89.6034,2026-09,Стамбул IST: 11 041 ₽ + 6 360 ₽,,
2026-07-22 20:19,MOW,TSF,Через Белград,BEG,24063,269,89.6034,2026-09,Белград: 18 385 ₽ + 5 678 ₽,,
2026-07-22 20:19,LED,VCE,Любой маршрут (мин.),,18166,203,89.6034,2026-09,вылет 2026-09-27 · 2 перес. · 20 ч 5 мин · a/к VF,,
2026-07-22 20:19,LED,VCE,Через Ереван,EVN,15559,174,89.6034,2026-09,Ереван: 11 202 ₽ + 4 357 ₽,,
2026-07-22 20:19,LED,VCE,Через Турцию,IST,19519,218,89.6034,2026-09,Стамбул IST: 13 395 ₽ + 6 124 ₽,,
2026-07-22 20:19,LED,VCE,Через Белград,BEG,26885,300,89.6034,2026-09,Белград: 21 300 ₽ + 5 585 ₽,,
2026-07-22 20:19,LED,TSF,Любой маршрут (мин.),,22482,251,89.6034,2026-09,вылет 2026-09-28 · 2 перес. · 27 ч 20 мин · a/к VF,,
2026-07-22 20:19,LED,TSF,Через Ереван,EVN,17149,191,89.6034,2026-09,Ереван: 11 202 ₽ + 5 947 ₽,,
2026-07-22 20:19,LED,TSF,Через Турцию,IST,19755,220,89.6034,2026-09,Стамбул IST: 13 395 ₽ + 6 360 ₽,,
2026-07-22 20:19,LED,TSF,Через Белград,BEG,26978,301,89.6034,2026-09,Белград: 21 300 ₽ + 5 678 ₽,,
2026-07-23 09:14,MOW,VCE,Любой маршрут (мин.),,12984,145,89.6034,2026-09,вылет 2026-09-26 · 1 перес. · 31 ч 15 мин · a/к SU,,
2026-07-23 09:14,MOW,VCE,Через Ереван,EVN,12079,135,89.6034,2026-09,Ереван: 7 722 ₽ + 4 357 ₽,,
2026-07-23 09:14,MOW,VCE,Через Турцию,IST,16994,190,89.6034,2026-09,Стамбул IST: 11 173 ₽ + 5 821 ₽,,
2026-07-23 09:14,MOW,VCE,Через Белград,BEG,26374,294,89.6034,2026-09,Белград: 20 789 ₽ + 5 585 ₽,,
2026-07-23 09:14,MOW,TSF,Любой маршрут (мин.),,18334,205,89.6034,2026-09,вылет 2026-09-15 · 3 перес. · 33 ч 30 мин · a/к SU,,
2026-07-23 09:14,MOW,TSF,Через Ереван,EVN,13669,153,89.6034,2026-09,Ереван: 7 722 ₽ + 5 947 ₽,,
2026-07-23 09:14,MOW,TSF,Через Турцию,IST,17533,196,89.6034,2026-09,Стамбул IST: 11 173 ₽ + 6 360 ₽,,
2026-07-23 09:14,MOW,TSF,Через Белград,BEG,26467,295,89.6034,2026-09,Белград: 20 789 ₽ + 5 678 ₽,,
2026-07-23 09:14,LED,VCE,Любой маршрут (мин.),,18166,203,89.6034,2026-09,вылет 2026-09-27 · 2 перес. · 20 ч 5 мин · a/к VF,,
2026-07-23 09:14,LED,VCE,Через Ереван,EVN,15400,172,89.6034,2026-09,Ереван: 11 043 ₽ + 4 357 ₽,,
2026-07-23 09:14,LED,VCE,Через Турцию,IST,19144,214,89.6034,2026-09,Стамбул IST: 13 323 ₽ + 5 821 ₽,,
2026-07-23 09:14,LED,VCE,Через Белград,BEG,25614,286,89.6034,2026-09,Белград: 20 029 ₽ + 5 585 ₽,,
2026-07-23 09:14,LED,TSF,Любой маршрут (мин.),,22706,253,89.6034,2026-09,вылет 2026-09-28 · 2 перес. · 31 ч 25 мин · a/к VF,,
2026-07-23 09:14,LED,TSF,Через Ереван,EVN,16990,190,89.6034,2026-09,Ереван: 11 043 ₽ + 5 947 ₽,,
2026-07-23 09:14,LED,TSF,Через Турцию,IST,19683,220,89.6034,2026-09,Стамбул IST: 13 323 ₽ + 6 360 ₽,,
2026-07-23 09:14,LED,TSF,Через Белград,BEG,25707,287,89.6034,2026-09,Белград: 20 029 ₽ + 5 678 ₽,,
2026-07-23 20:18,MOW,VCE,Любой маршрут (мин.),,13358,149,89.4443,2026-09,вылет 2026-09-27 · 1 перес. · 24 ч 55 мин · a/к SU,,
2026-07-23 20:18,MOW,VCE,Через Ереван,EVN,12569,141,89.4443,2026-09,Ереван: 7 764 ₽ + 4 805 ₽,,
2026-07-23 20:18,MOW,VCE,Через Турцию,IST,16974,190,89.4443,2026-09,Стамбул IST: 11 174 ₽ + 5 800 ₽,,
2026-07-23 20:18,MOW,VCE,Через Белград,BEG,26384,295,89.4443,2026-09,Белград: 20 799 ₽ + 5 585 ₽,,
2026-07-23 20:18,MOW,TSF,Любой маршрут (мин.),,19473,218,89.4443,2026-09,вылет 2026-09-26 · 2 перес. · 37 ч 25 мин · a/к SU,,
2026-07-23 20:18,MOW,TSF,Через Ереван,EVN,13957,156,89.4443,2026-09,Ереван: 7 764 ₽ + 6 193 ₽,,
2026-07-23 20:18,MOW,TSF,Через Турцию,IST,17534,196,89.4443,2026-09,Стамбул IST: 11 174 ₽ + 6 360 ₽,,
2026-07-23 20:18,MOW,TSF,Через Белград,BEG,26477,296,89.4443,2026-09,Белград: 20 799 ₽ + 5 678 ₽,,
2026-07-23 20:18,LED,VCE,Любой маршрут (мин.),,17229,193,89.4443,2026-09,вылет 2026-09-12 · 2 перес. · 22 ч 55 мин · a/к VF,,
2026-07-23 20:18,LED,VCE,Через Ереван,EVN,16010,179,89.4443,2026-09,Ереван: 11 205 ₽ + 4 805 ₽,,
2026-07-23 20:18,LED,VCE,Через Турцию,IST,19163,214,89.4443,2026-09,Стамбул IST: 13 363 ₽ + 5 800 ₽,,
2026-07-23 20:18,LED,VCE,Через Белград,BEG,24660,276,89.4443,2026-09,Белград: 19 075 ₽ + 5 585 ₽,,
2026-07-23 20:18,LED,TSF,Любой маршрут (мин.),,23532,263,89.4443,2026-09,вылет 2026-09-22 · 2 перес. · 31 ч 25 мин · a/к VF,,
2026-07-23 20:18,LED,TSF,Через Ереван,EVN,17398,195,89.4443,2026-09,Ереван: 11 205 ₽ + 6 193 ₽,,
2026-07-23 20:18,LED,TSF,Через Турцию,IST,19723,221,89.4443,2026-09,Стамбул IST: 13 363 ₽ + 6 360 ₽,,
2026-07-23 20:18,LED,TSF,Через Белград,BEG,24753,277,89.4443,2026-09,Белград: 19 075 ₽ + 5 678 ₽,,
2026-07-24 09:11,MOW,VCE,Любой маршрут (мин.),,15310,171,89.4443,2026-09,вылет 2026-09-26 · 1 перес. · 29 ч 20 мин · a/к UT,,
2026-07-24 09:11,MOW,VCE,Через Ереван,EVN,14173,158,89.4443,2026-09,Ереван: 9 377 ₽ + 4 796 ₽,,
2026-07-24 09:11,MOW,VCE,Через Турцию,IST,17248,193,89.4443,2026-09,Стамбул IST: 11 170 ₽ + 6 078 ₽,,
2026-07-24 09:11,MOW,VCE,Через Белград,BEG,26653,298,89.4443,2026-09,Белград: 21 068 ₽ + 5 585 ₽,,
2026-07-24 09:11,MOW,TSF,Любой маршрут (мин.),,19354,216,89.4443,2026-09,вылет 2026-09-19 · 2 перес. · 43 ч 50 мин · a/к UT,,
2026-07-24 09:11,MOW,TSF,Через Ереван,EVN,15570,174,89.4443,2026-09,Ереван: 9 377 ₽ + 6 193 ₽,,
2026-07-24 09:11,MOW,TSF,Через Турцию,IST,17530,196,89.4443,2026-09,Стамбул IST: 11 170 ₽ + 6 360 ₽,,
2026-07-24 09:11,MOW,TSF,Через Белград,BEG,26746,299,89.4443,2026-09,Белград: 21 068 ₽ + 5 678 ₽,,
2026-07-24 09:11,LED,VCE,Любой маршрут (мин.),,17082,191,89.4443,2026-09,вылет 2026-09-23 · 2 перес. · 22 ч 55 мин · a/к VF,,
2026-07-24 09:11,LED,VCE,Через Ереван,EVN,17514,196,89.4443,2026-09,Ереван: 12 718 ₽ + 4 796 ₽,,
2026-07-24 09:11,LED,VCE,Через Турцию,IST,19411,217,89.4443,2026-09,Стамбул IST: 13 333 ₽ + 6 078 ₽,,
2026-07-24 09:11,LED,VCE,Через Белград,BEG,22523,252,89.4443,2026-09,Белград: 16 938 ₽ + 5 585 ₽,,
2026-07-24 09:11,LED,TSF,Любой маршрут (мин.),,21934,245,89.4443,2026-09,вылет 2026-09-18 · 2 перес. · 59 ч 35 мин · a/к VF,,
2026-07-24 09:11,LED,TSF,Через Ереван,EVN,18911,211,89.4443,2026-09,Ереван: 12 718 ₽ + 6 193 ₽,,
2026-07-24 09:11,LED,TSF,Через Турцию,IST,19693,220,89.4443,2026-09,Стамбул IST: 13 333 ₽ + 6 360 ₽,,
2026-07-24 09:11,LED,TSF,Через Белград,BEG,22616,253,89.4443,2026-09,Белград: 16 938 ₽ + 5 678 ₽,,
2026-07-24 20:46,MOW,VCE,Любой маршрут (мин.),,17210,194,88.8927,2026-09,вылет 2026-09-26 · 1 перес. · 29 ч 20 мин · a/к UT,,
2026-07-24 20:46,MOW,VCE,Через Ереван,EVN,15648,176,88.8927,2026-09,Ереван: 9 442 ₽ + 6 206 ₽,,
2026-07-24 20:46,MOW,VCE,Через Турцию,IST,17061,192,88.8927,2026-09,Стамбул IST: 11 159 ₽ + 5 902 ₽,,
2026-07-24 20:46,MOW,VCE,Через Белград,BEG,24822,279,88.8927,2026-09,Белград: 19 237 ₽ + 5 585 ₽,,
2026-07-24 20:46,MOW,TSF,Любой маршрут (мин.),,17783,200,88.8927,2026-09,вылет 2026-09-16 · 2 перес. · 35 ч 30 мин · a/к UT,,
2026-07-24 20:46,MOW,TSF,Через Ереван,EVN,15635,176,88.8927,2026-09,Ереван: 9 442 ₽ + 6 193 ₽,,
2026-07-24 20:46,MOW,TSF,Через Турцию,IST,17519,197,88.8927,2026-09,Стамбул IST: 11 159 ₽ + 6 360 ₽,,
2026-07-24 20:46,MOW,TSF,Через Белград,BEG,24915,280,88.8927,2026-09,Белград: 19 237 ₽ + 5 678 ₽,,
2026-07-24 20:46,LED,VCE,Любой маршрут (мин.),,16973,191,88.8927,2026-09,вылет 2026-09-23 · 2 перес. · 22 ч 55 мин · a/к VF,,
2026-07-24 20:46,LED,VCE,Через Ереван,EVN,18949,213,88.8927,2026-09,Ереван: 12 743 ₽ + 6 206 ₽,,
2026-07-24 20:46,LED,VCE,Через Турцию,IST,19090,215,88.8927,2026-09,Стамбул IST: 13 188 ₽ + 5 902 ₽,,
2026-07-24 20:46,LED,VCE,Через Белград,BEG,23105,260,88.8927,2026-09,Белград: 17 520 ₽ + 5 585 ₽,,
2026-07-24 20:46,LED,TSF,Любой маршрут (мин.),,20167,227,88.8927,2026-09,вылет 2026-09-25 · 2 перес. · 59 ч 35 мин · a/к VF,,
2026-07-24 20:46,LED,TSF,Через Ереван,EVN,18936,213,88.8927,2026-09,Ереван: 12 743 ₽ + 6 193 ₽,,
2026-07-24 20:46,LED,TSF,Через Турцию,IST,19548,220,88.8927,2026-09,Стамбул IST: 13 188 ₽ + 6 360 ₽,,
2026-07-24 20:46,LED,TSF,Через Белград,BEG,23198,261,88.8927,2026-09,Белград: 17 520 ₽ + 5 678 ₽,,
2026-07-25 07:34,MOW,VCE,Любой маршрут (мин.),,17561,198,88.8927,2026-09,вылет 2026-09-19 · 1 перес. · 29 ч 20 мин · a/к UT,,
2026-07-25 07:34,MOW,VCE,Через Ереван,EVN,15767,177,88.8927,2026-09,Ереван: 9 561 ₽ + 6 206 ₽,,
2026-07-25 07:34,MOW,VCE,Через Турцию,IST,17010,191,88.8927,2026-09,Стамбул IST: 11 109 ₽ + 5 901 ₽,,
2026-07-25 07:34,MOW,VCE,Через Белград,BEG,27189,306,88.8927,2026-09,Белград: 21 604 ₽ + 5 585 ₽,,
2026-07-25 07:34,MOW,TSF,Любой маршрут (мин.),,17782,200,88.8927,2026-09,вылет 2026-09-16 · 2 перес. · 35 ч 30 мин · a/к UT,,
2026-07-25 07:34,MOW,TSF,Через Ереван,EVN,16055,181,88.8927,2026-09,Ереван: 9 561 ₽ + 6 494 ₽,,
2026-07-25 07:34,MOW,TSF,Через Турцию,IST,17469,197,88.8927,2026-09,Стамбул IST: 11 109 ₽ + 6 360 ₽,,
2026-07-25 07:34,MOW,TSF,Через Белград,BEG,27282,307,88.8927,2026-09,Белград: 21 604 ₽ + 5 678 ₽,,
2026-07-25 07:34,LED,VCE,Любой маршрут (мин.),,17059,192,88.8927,2026-09,вылет 2026-09-23 · 2 перес. · 18 ч 45 мин · a/к VF,,
2026-07-25 07:34,LED,VCE,Через Ереван,EVN,18890,213,88.8927,2026-09,Ереван: 12 684 ₽ + 6 206 ₽,,
2026-07-25 07:34,LED,VCE,Через Турцию,IST,19013,214,88.8927,2026-09,Стамбул IST: 13 112 ₽ + 5 901 ₽,,
2026-07-25 07:34,LED,VCE,Через Белград,BEG,22811,257,88.8927,2026-09,Белград: 17 226 ₽ + 5 585 ₽,,
2026-07-25 07:34,LED,TSF,Любой маршрут (мин.),,20166,227,88.8927,2026-09,вылет 2026-09-25 · 2 перес. · 59 ч 35 мин · a/к VF,,
2026-07-25 07:34,LED,TSF,Через Ереван,EVN,19178,216,88.8927,2026-09,Ереван: 12 684 ₽ + 6 494 ₽,,
2026-07-25 07:34,LED,TSF,Через Турцию,IST,19472,219,88.8927,2026-09,Стамбул IST: 13 112 ₽ + 6 360 ₽,,
2026-07-25 07:34,LED,TSF,Через Белград,BEG,22904,258,88.8927,2026-09,Белград: 17 226 ₽ + 5 678 ₽,,
2026-07-25 11:49,MOW,VCE,Любой маршрут (мин.),,18384,207,88.8927,2026-09,вылет 2026-09-29 · 2 перес. · 25 ч 40 мин · a/к 3F,,
2026-07-25 11:49,MOW,VCE,Через Ереван,EVN,15769,177,88.8927,2026-09,Ереван: 9 563 ₽ + 6 206 ₽,,
2026-07-25 11:49,MOW,VCE,Через Турцию,IST,17004,191,88.8927,2026-09,Стамбул IST: 11 109 ₽ + 5 895 ₽,,
2026-07-25 11:49,MOW,VCE,Через Белград,BEG,27189,306,88.8927,2026-09,Белград: 21 604 ₽ + 5 585 ₽,,
2026-07-25 11:49,MOW,TSF,Любой маршрут (мин.),,20464,230,88.8927,2026-09,вылет 2026-09-16 · 2 перес. · 35 ч 30 мин · a/к UT,,
2026-07-25 11:49,MOW,TSF,Через Ереван,EVN,16057,181,88.8927,2026-09,Ереван: 9 563 ₽ + 6 494 ₽,,
2026-07-25 11:49,MOW,TSF,Через Турцию,IST,17611,198,88.8927,2026-09,Стамбул IST: 11 109 ₽ + 6 502 ₽,,
2026-07-25 11:49,MOW,TSF,Через Белград,BEG,27282,307,88.8927,2026-09,Белград: 21 604 ₽ + 5 678 ₽,,
2026-07-25 11:49,LED,VCE,Любой маршрут (мин.),,17008,191,88.8927,2026-09,вылет 2026-09-12 · 2 перес. · 18 ч 45 мин · a/к VF,,
2026-07-25 11:49,LED,VCE,Через Ереван,EVN,18890,213,88.8927,2026-09,Ереван: 12 684 ₽ + 6 206 ₽,,
2026-07-25 11:49,LED,VCE,Через Турцию,IST,19032,214,88.8927,2026-09,Стамбул IST: 13 137 ₽ + 5 895 ₽,,
2026-07-25 11:49,LED,VCE,Через Белград,BEG,23214,261,88.8927,2026-09,Белград: 17 629 ₽ + 5 585 ₽,,
2026-07-25 11:49,LED,TSF,Любой маршрут (мин.),,20166,227,88.8927,2026-09,вылет 2026-09-25 · 2 перес. · 59 ч 35 мин · a/к VF,,
2026-07-25 11:49,LED,TSF,Через Ереван,EVN,19178,216,88.8927,2026-09,Ереван: 12 684 ₽ + 6 494 ₽,,
2026-07-25 11:49,LED,TSF,Через Турцию,IST,19639,221,88.8927,2026-09,Стамбул IST: 13 137 ₽ + 6 502 ₽,,
2026-07-25 11:49,LED,TSF,Через Белград,BEG,23307,262,88.8927,2026-09,Белград: 17 629 ₽ + 5 678 ₽,,
2026-07-25 20:13,MOW,VCE,Любой маршрут (мин.),,17291,195,88.8927,2026-09,вылет 2026-09-29 · 2 перес. · 25 ч 40 мин · a/к 3F,,
2026-07-25 20:13,MOW,VCE,Через Ереван,EVN,15764,177,88.8927,2026-09,Ереван: 9 558 ₽ + 6 206 ₽,,
2026-07-25 20:13,MOW,VCE,Через Турцию,IST,17004,191,88.8927,2026-09,Стамбул IST: 11 109 ₽ + 5 895 ₽,,
2026-07-25 20:13,MOW,VCE,Через Белград,BEG,25974,292,88.8927,2026-09,Белград: 20 389 ₽ + 5 585 ₽,,
2026-07-25 20:13,MOW,TSF,Любой маршрут (мин.),,20719,233,88.8927,2026-09,вылет 2026-09-16 · 2 перес. · 35 ч 30 мин · a/к UT,,
2026-07-25 20:13,MOW,TSF,Через Ереван,EVN,16087,181,88.8927,2026-09,Ереван: 9 558 ₽ + 6 529 ₽,,
2026-07-25 20:13,MOW,TSF,Через Турцию,IST,17818,200,88.8927,2026-09,Стамбул IST: 11 109 ₽ + 6 709 ₽,,
2026-07-25 20:13,MOW,TSF,Через Белград,BEG,26067,293,88.8927,2026-09,Белград: 20 389 ₽ + 5 678 ₽,,
2026-07-25 20:13,LED,VCE,Любой маршрут (мин.),,17008,191,88.8927,2026-09,вылет 2026-09-12 · 2 перес. · 22 ч 55 мин · a/к VF,,
2026-07-25 20:13,LED,VCE,Через Ереван,EVN,18890,213,88.8927,2026-09,Ереван: 12 684 ₽ + 6 206 ₽,,
2026-07-25 20:13,LED,VCE,Через Турцию,IST,19123,215,88.8927,2026-09,Стамбул IST: 13 228 ₽ + 5 895 ₽,,
2026-07-25 20:13,LED,VCE,Через Белград,BEG,24573,276,88.8927,2026-09,Белград: 18 988 ₽ + 5 585 ₽,,
2026-07-25 20:13,LED,TSF,Любой маршрут (мин.),,21569,243,88.8927,2026-09,вылет 2026-09-26 · 2 перес. · 35 ч 35 мин · a/к VF,,
2026-07-25 20:13,LED,TSF,Через Ереван,EVN,19213,216,88.8927,2026-09,Ереван: 12 684 ₽ + 6 529 ₽,,
2026-07-25 20:13,LED,TSF,Через Турцию,IST,19937,224,88.8927,2026-09,Стамбул IST: 13 228 ₽ + 6 709 ₽,,
2026-07-25 20:13,LED,TSF,Через Белград,BEG,24666,277,88.8927,2026-09,Белград: 18 988 ₽ + 5 678 ₽,,
2026-07-26 08:43,MOW,VCE,Любой маршрут (мин.),,17235,194,88.8927,2026-09,вылет 2026-09-29 · 2 перес. · 25 ч 40 мин · a/к 3F,,
2026-07-26 08:43,MOW,VCE,Через Ереван,EVN,15764,177,88.8927,2026-09,Ереван: 9 558 ₽ + 6 206 ₽,,
2026-07-26 08:43,MOW,VCE,Через Турцию,IST,16935,191,88.8927,2026-09,Стамбул IST: 11 040 ₽ + 5 895 ₽,,
2026-07-26 08:43,MOW,VCE,Через Белград,BEG,25936,292,88.8927,2026-09,Белград: 20 351 ₽ + 5 585 ₽,,
2026-07-26 08:43,MOW,TSF,Любой маршрут (мин.),,20719,233,88.8927,2026-09,вылет 2026-09-16 · 2 перес. · 35 ч 30 мин · a/к UT,,
2026-07-26 08:43,MOW,TSF,Через Ереван,EVN,16087,181,88.8927,2026-09,Ереван: 9 558 ₽ + 6 529 ₽,,
2026-07-26 08:43,MOW,TSF,Через Турцию,IST,17506,197,88.8927,2026-09,Стамбул IST: 11 040 ₽ + 6 466 ₽,,
2026-07-26 08:43,MOW,TSF,Через Белград,BEG,26029,293,88.8927,2026-09,Белград: 20 351 ₽ + 5 678 ₽,,
2026-07-26 08:43,LED,VCE,Любой маршрут (мин.),,17033,192,88.8927,2026-09,вылет 2026-09-23 · 2 перес. · 22 ч 55 мин · a/к VF,,
2026-07-26 08:43,LED,VCE,Через Ереван,EVN,18890,213,88.8927,2026-09,Ереван: 12 684 ₽ + 6 206 ₽,,
2026-07-26 08:43,LED,VCE,Через Турцию,IST,19183,216,88.8927,2026-09,Стамбул IST: 13 288 ₽ + 5 895 ₽,,
2026-07-26 08:43,LED,VCE,Через Белград,BEG,20720,233,88.8927,2026-09,Белград: 15 135 ₽ + 5 585 ₽,,
2026-07-26 08:43,LED,TSF,Любой маршрут (мин.),,21569,243,88.8927,2026-09,вылет 2026-09-26 · 2 перес. · 35 ч 35 мин · a/к VF,,
2026-07-26 08:43,LED,TSF,Через Ереван,EVN,19213,216,88.8927,2026-09,Ереван: 12 684 ₽ + 6 529 ₽,,
2026-07-26 08:43,LED,TSF,Через Турцию,IST,19754,222,88.8927,2026-09,Стамбул IST: 13 288 ₽ + 6 466 ₽,,
2026-07-26 08:43,LED,TSF,Через Белград,BEG,20813,234,88.8927,2026-09,Белград: 15 135 ₽ + 5 678 ₽,,
2026-07-26 20:15,MOW,VCE,Любой маршрут (мин.),,17029,192,88.8927,2026-09,вылет 2026-09-29 · 2 перес. · 25 ч 40 мин · a/к 3F,,
2026-07-26 20:15,MOW,VCE,Через Ереван,EVN,15116,170,88.8927,2026-09,Ереван: 9 558 ₽ + 5 558 ₽,,
2026-07-26 20:15,MOW,VCE,Через Турцию,IST,17004,191,88.8927,2026-09,Стамбул IST: 11 109 ₽ + 5 895 ₽,,
2026-07-26 20:15,MOW,VCE,Через Белград,BEG,26749,301,88.8927,2026-09,Белград: 20 838 ₽ + 5 911 ₽,,
2026-07-26 20:15,MOW,TSF,Любой маршрут (мин.),,20942,236,88.8927,2026-09,вылет 2026-09-29 · 2 перес. · 28 ч 10 мин · a/к 2S,,
2026-07-26 20:15,MOW,TSF,Через Ереван,EVN,15116,170,88.8927,2026-09,Ереван: 9 558 ₽ + 5 558 ₽,,
2026-07-26 20:15,MOW,TSF,Через Турцию,IST,17560,198,88.8927,2026-09,Стамбул IST: 11 109 ₽ + 6 451 ₽,,
2026-07-26 20:15,MOW,TSF,Через Белград,BEG,26749,301,88.8927,2026-09,Белград: 20 838 ₽ + 5 911 ₽,,
2026-07-26 20:15,LED,VCE,Любой маршрут (мин.),,17034,192,88.8927,2026-09,вылет 2026-09-16 · 2 перес. · 22 ч 55 мин · a/к VF,,
2026-07-26 20:15,LED,VCE,Через Ереван,EVN,18242,205,88.8927,2026-09,Ереван: 12 684 ₽ + 5 558 ₽,,
2026-07-26 20:15,LED,VCE,Через Турцию,IST,19018,214,88.8927,2026-09,Стамбул IST: 13 123 ₽ + 5 895 ₽,,
2026-07-26 20:15,LED,VCE,Через Белград,BEG,23400,263,88.8927,2026-09,Белград: 17 489 ₽ + 5 911 ₽,,
2026-07-26 20:15,LED,TSF,Любой маршрут (мин.),,21569,243,88.8927,2026-09,вылет 2026-09-26 · 2 перес. · 35 ч 35 мин · a/к VF,,
2026-07-26 20:15,LED,TSF,Через Ереван,EVN,18242,205,88.8927,2026-09,Ереван: 12 684 ₽ + 5 558 ₽,,
2026-07-26 20:15,LED,TSF,Через Турцию,IST,19574,220,88.8927,2026-09,Стамбул IST: 13 123 ₽ + 6 451 ₽,,
2026-07-26 20:15,LED,TSF,Через Белград,BEG,23400,263,88.8927,2026-09,Белград: 17 489 ₽ + 5 911 ₽,,
2026-07-27 12:39,MOW,VCE,Любой маршрут (мин.),,17734,199,88.8927,2026-09,вылет 2026-09-29 · 2 перес. · 25 ч 40 мин · a/к 3F,,
2026-07-27 12:39,MOW,VCE,Через Ереван,EVN,15546,175,88.8927,2026-09,Ереван: 9 509 ₽ + 6 037 ₽,,
2026-07-27 12:39,MOW,VCE,Через Турцию,IST,16996,191,88.8927,2026-09,Стамбул IST: 11 109 ₽ + 5 887 ₽,,
2026-07-27 12:39,MOW,VCE,Через Белград,BEG,26790,301,88.8927,2026-09,Белград: 20 879 ₽ + 5 911 ₽,,
2026-07-27 12:39,MOW,TSF,Любой маршрут (мин.),,18885,212,88.8927,2026-09,вылет 2026-09-09 · 2 перес. · 35 ч 30 мин · a/к UT,,
2026-07-27 12:39,MOW,TSF,Через Ереван,EVN,15546,175,88.8927,2026-09,Ереван: 9 509 ₽ + 6 037 ₽,,
2026-07-27 12:39,MOW,TSF,Через Турцию,IST,17551,197,88.8927,2026-09,Стамбул IST: 11 109 ₽ + 6 442 ₽,,
2026-07-27 12:39,MOW,TSF,Через Белград,BEG,26790,301,88.8927,2026-09,Белград: 20 879 ₽ + 5 911 ₽,,
2026-07-27 12:39,LED,VCE,Любой маршрут (мин.),,17008,191,88.8927,2026-09,вылет 2026-09-16 · 2 перес. · 18 ч 45 мин · a/к VF,,
2026-07-27 12:39,LED,VCE,Через Ереван,EVN,18722,211,88.8927,2026-09,Ереван: 12 685 ₽ + 6 037 ₽,,
2026-07-27 12:39,LED,VCE,Через Турцию,IST,19082,215,88.8927,2026-09,Стамбул IST: 13 195 ₽ + 5 887 ₽,,
2026-07-27 12:39,LED,VCE,Через Белград,BEG,23924,269,88.8927,2026-09,Белград: 18 013 ₽ + 5 911 ₽,,
2026-07-27 12:39,LED,TSF,Любой маршрут (мин.),,21569,243,88.8927,2026-09,вылет 2026-09-26 · 2 перес. · 35 ч 35 мин · a/к VF,,
2026-07-27 12:39,LED,TSF,Через Ереван,EVN,18722,211,88.8927,2026-09,Ереван: 12 685 ₽ + 6 037 ₽,,
2026-07-27 12:39,LED,TSF,Через Турцию,IST,19637,221,88.8927,2026-09,Стамбул IST: 13 195 ₽ + 6 442 ₽,,
2026-07-27 12:39,LED,TSF,Через Белград,BEG,23924,269,88.8927,2026-09,Белград: 18 013 ₽ + 5 911 ₽,,
2026-07-27 20:51,MOW,VCE,Любой маршрут (мин.),,17695,199,88.7602,2026-09,вылет 2026-09-29 · 2 перес. · 25 ч 40 мин · a/к 3F,,
2026-07-27 20:51,MOW,VCE,Через Ереван,EVN,15538,175,88.7602,2026-09,Ереван: 9 503 ₽ + 6 035 ₽,,
2026-07-27 20:51,MOW,VCE,Через Турцию,IST,16996,191,88.7602,2026-09,Стамбул IST: 11 109 ₽ + 5 887 ₽,,
2026-07-27 20:51,MOW,VCE,Через Белград,BEG,27052,305,88.7602,2026-09,Белград: 22 055 ₽ + 4 997 ₽,,
2026-07-27 20:51,MOW,TSF,Любой маршрут (мин.),,19473,219,88.7602,2026-09,вылет 2026-09-09 · 2 перес. · 35 ч 30 мин · a/к UT,,
2026-07-27 20:51,MOW,TSF,Через Ереван,EVN,15538,175,88.7602,2026-09,Ереван: 9 503 ₽ + 6 035 ₽,,
2026-07-27 20:51,MOW,TSF,Через Турцию,IST,17551,198,88.7602,2026-09,Стамбул IST: 11 109 ₽ + 6 442 ₽,,
2026-07-27 20:51,MOW,TSF,Через Белград,BEG,27966,315,88.7602,2026-09,Белград: 22 055 ₽ + 5 911 ₽,,
2026-07-27 20:51,LED,VCE,Любой маршрут (мин.),,17008,192,88.7602,2026-09,вылет 2026-09-16 · 2 перес. · 18 ч 45 мин · a/к VF,,
2026-07-27 20:51,LED,VCE,Через Ереван,EVN,18719,211,88.7602,2026-09,Ереван: 12 684 ₽ + 6 035 ₽,,
2026-07-27 20:51,LED,VCE,Через Турцию,IST,19171,216,88.7602,2026-09,Стамбул IST: 13 284 ₽ + 5 887 ₽,,
2026-07-27 20:51,LED,VCE,Через Белград,BEG,23992,270,88.7602,2026-09,Белград: 18 995 ₽ + 4 997 ₽,,
2026-07-27 20:51,LED,TSF,Любой маршрут (мин.),,21569,243,88.7602,2026-09,вылет 2026-09-26 · 2 перес. · 35 ч 35 мин · a/к VF,,
2026-07-27 20:51,LED,TSF,Через Ереван,EVN,18719,211,88.7602,2026-09,Ереван: 12 684 ₽ + 6 035 ₽,,
2026-07-27 20:51,LED,TSF,Через Турцию,IST,19726,222,88.7602,2026-09,Стамбул IST: 13 284 ₽ + 6 442 ₽,,
2026-07-27 20:51,LED,TSF,Через Белград,BEG,24906,281,88.7602,2026-09,Белград: 18 995 ₽ + 5 911 ₽,,
2026-07-28 09:48,MOW,VCE,Любой маршрут (мин.),,17695,199,88.7602,2026-09,вылет 2026-09-29 · 2 перес. · 25 ч 40 мин · a/к 3F,,
2026-07-28 09:48,MOW,VCE,Через Ереван,EVN,15057,170,88.7602,2026-09,Ереван: 9 493 ₽ + 5 564 ₽,,
2026-07-28 20:36,MOW,VCE,Любой маршрут (мин.),,19295,215,89.6292,2026-09,вылет 2026-09-29 · 2 перес. · 25 ч 40 мин · a/к 3F,,
2026-07-28 20:36,MOW,VCE,Через Ереван,EVN,15299,171,89.6292,2026-09,Ереван: 9 514 ₽ + 5 785 ₽,,
2026-07-28 20:36,MOW,VCE,Через Турцию,IST,16946,189,89.6292,2026-09,Стамбул IST: 11 059 ₽ + 5 887 ₽,,
2026-07-28 20:36,MOW,VCE,Через Белград,BEG,26523,296,89.6292,2026-09,Белград: 21 526 ₽ + 4 997 ₽,,
2026-07-28 20:36,MOW,TSF,Любой маршрут (мин.),,20996,234,89.6292,2026-09,вылет 2026-09-29 · 2 перес. · 28 ч 10 мин · a/к 2S,,
2026-07-28 20:36,MOW,TSF,Через Ереван,EVN,15299,171,89.6292,2026-09,Ереван: 9 514 ₽ + 5 785 ₽,,
2026-07-28 20:36,MOW,TSF,Через Турцию,IST,17501,195,89.6292,2026-09,Стамбул IST: 11 059 ₽ + 6 442 ₽,,
2026-07-28 20:36,MOW,TSF,Через Белград,BEG,27552,307,89.6292,2026-09,Белград: 21 526 ₽ + 6 026 ₽,,
2026-07-28 20:36,LED,VCE,Любой маршрут (мин.),,17005,190,89.6292,2026-09,вылет 2026-09-29 · 2 перес. · 18 ч 45 мин · a/к VF,,
2026-07-28 20:36,LED,VCE,Через Ереван,EVN,19695,220,89.6292,2026-09,Ереван: 13 910 ₽ + 5 785 ₽,,
2026-07-28 20:36,LED,VCE,Через Турцию,IST,19013,212,89.6292,2026-09,Стамбул IST: 13 126 ₽ + 5 887 ₽,,
2026-07-28 20:36,LED,VCE,Через Белград,BEG,22726,254,89.6292,2026-09,Белград: 17 729 ₽ + 4 997 ₽,,
2026-07-28 20:36,LED,TSF,Любой маршрут (мин.),,21793,243,89.6292,2026-09,вылет 2026-09-18 · 2 перес. · 59 ч 35 мин · a/к VF,,
2026-07-28 20:36,LED,TSF,Через Ереван,EVN,19695,220,89.6292,2026-09,Ереван: 13 910 ₽ + 5 785 ₽,,
2026-07-28 20:36,LED,TSF,Через Турцию,IST,19568,218,89.6292,2026-09,Стамбул IST: 13 126 ₽ + 6 442 ₽,,
2026-07-28 20:36,LED,TSF,Через Белград,BEG,23755,265,89.6292,2026-09,Белград: 17 729 ₽ + 6 026 ₽,,
2026-07-29 10:13,MOW,VCE,Любой маршрут (мин.),,19659,219,89.6292,2026-09,вылет 2026-09-29 · 2 перес. · 25 ч 40 мин · a/к 3F,,
2026-07-29 10:13,MOW,VCE,Через Ереван,EVN,15658,175,89.6292,2026-09,Ереван: 9 526 ₽ + 6 132 ₽,,
2026-07-29 10:13,MOW,VCE,Через Турцию,IST,16925,189,89.6292,2026-09,Стамбул IST: 11 038 ₽ + 5 887 ₽,,
2026-07-29 10:13,MOW,VCE,Через Белград,BEG,27317,305,89.6292,2026-09,Белград: 22 320 ₽ + 4 997 ₽,,
2026-07-29 10:13,MOW,TSF,Любой маршрут (мин.),,21198,237,89.6292,2026-09,вылет 2026-09-29 · 2 перес. · 28 ч 10 мин · a/к 2S,,
2026-07-29 10:13,MOW,TSF,Через Ереван,EVN,15658,175,89.6292,2026-09,Ереван: 9 526 ₽ + 6 132 ₽,,
2026-07-29 10:13,MOW,TSF,Через Турцию,IST,17544,196,89.6292,2026-09,Стамбул IST: 11 038 ₽ + 6 506 ₽,,
2026-07-29 10:13,MOW,TSF,Через Белград,BEG,28346,316,89.6292,2026-09,Белград: 22 320 ₽ + 6 026 ₽,,
2026-07-29 10:13,LED,VCE,Любой маршрут (мин.),,16976,189,89.6292,2026-09,вылет 2026-09-29 · 2 перес. · 18 ч 45 мин · a/к VF,,
2026-07-29 10:13,LED,VCE,Через Ереван,EVN,19268,215,89.6292,2026-09,Ереван: 13 136 ₽ + 6 132 ₽,,
2026-07-29 10:13,LED,VCE,Через Турцию,IST,19087,213,89.6292,2026-09,Стамбул IST: 13 200 ₽ + 5 887 ₽,,
2026-07-29 10:13,LED,VCE,Через Белград,BEG,24904,278,89.6292,2026-09,Белград: 19 907 ₽ + 4 997 ₽,,
2026-07-29 10:13,LED,TSF,Любой маршрут (мин.),,20790,232,89.6292,2026-09,вылет 2026-09-25 · 3 перес. · 27 ч 5 мин · a/к VF,,
2026-07-29 10:13,LED,TSF,Через Ереван,EVN,19268,215,89.6292,2026-09,Ереван: 13 136 ₽ + 6 132 ₽,,
2026-07-29 10:13,LED,TSF,Через Турцию,IST,19706,220,89.6292,2026-09,Стамбул IST: 13 200 ₽ + 6 506 ₽,,
2026-07-29 10:13,LED,TSF,Через Белград,BEG,25933,289,89.6292,2026-09,Белград: 19 907 ₽ + 6 026 ₽,,
2026-07-29 20:15,MOW,VCE,Любой маршрут (мин.),,19858,220,90.2051,2026-09,вылет 2026-09-29 · 2 перес. · 25 ч 40 мин · a/к 3F,,
2026-07-29 20:15,MOW,VCE,Через Ереван,EVN,15676,174,90.2051,2026-09,Ереван: 9 544 ₽ + 6 132 ₽,,
2026-07-29 20:15,MOW,VCE,Через Турцию,IST,16946,188,90.2051,2026-09,Стамбул IST: 11 059 ₽ + 5 887 ₽,,
2026-07-29 20:15,MOW,VCE,Через Белград,BEG,26814,297,90.2051,2026-09,Белград: 21 817 ₽ + 4 997 ₽,,
2026-07-29 20:15,MOW,TSF,Любой маршрут (мин.),,21032,233,90.2051,2026-09,вылет 2026-09-29 · 2 перес. · 28 ч 10 мин · a/к 2S,,
2026-07-29 20:15,MOW,TSF,Через Ереван,EVN,15676,174,90.2051,2026-09,Ереван: 9 544 ₽ + 6 132 ₽,,
2026-07-29 20:15,MOW,TSF,Через Турцию,IST,17604,195,90.2051,2026-09,Стамбул IST: 11 059 ₽ + 6 545 ₽,,
2026-07-29 20:15,MOW,TSF,Через Белград,BEG,27843,309,90.2051,2026-09,Белград: 21 817 ₽ + 6 026 ₽,,
2026-07-29 20:15,LED,VCE,Любой маршрут (мин.),,16976,188,90.2051,2026-09,вылет 2026-09-29 · 2 перес. · 18 ч 45 мин · a/к VF,,
2026-07-29 20:15,LED,VCE,Через Ереван,EVN,19513,216,90.2051,2026-09,Ереван: 13 381 ₽ + 6 132 ₽,,
2026-07-29 20:15,LED,VCE,Через Турцию,IST,19146,212,90.2051,2026-09,Стамбул IST: 13 259 ₽ + 5 887 ₽,,
2026-07-29 20:15,LED,VCE,Через Белград,BEG,25379,281,90.2051,2026-09,Белград: 20 382 ₽ + 4 997 ₽,,
2026-07-29 20:15,LED,TSF,Любой маршрут (мин.),,23281,258,90.2051,2026-09,вылет 2026-09-28 · 2 перес. · 36 ч 25 мин · a/к VF,,
2026-07-29 20:15,LED,TSF,Через Ереван,EVN,19513,216,90.2051,2026-09,Ереван: 13 381 ₽ + 6 132 ₽,,
2026-07-29 20:15,LED,TSF,Через Турцию,IST,19804,220,90.2051,2026-09,Стамбул IST: 13 259 ₽ + 6 545 ₽,,
2026-07-29 20:15,LED,TSF,Через Белград,BEG,26408,293,90.2051,2026-09,Белград: 20 382 ₽ + 6 026 ₽,,
2026-07-30 09:36,MOW,VCE,Любой маршрут (мин.),,18832,209,90.2051,2026-09,вылет 2026-09-12 · 1 перес. · 29 ч 20 мин · a/к UT,,
2026-07-30 09:36,MOW,VCE,Через Ереван,EVN,15231,169,90.2051,2026-09,Ереван: 9 633 ₽ + 5 598 ₽,,
2026-07-30 09:36,MOW,VCE,Через Турцию,IST,15923,177,90.2051,2026-09,Стамбул IST: 10 036 ₽ + 5 887 ₽,,
2026-07-30 09:36,MOW,VCE,Через Белград,BEG,25837,286,90.2051,2026-09,Белград: 20 840 ₽ + 4 997 ₽,,
2026-07-30 09:36,MOW,TSF,Любой маршрут (мин.),,20930,232,90.2051,2026-09,вылет 2026-09-29 · 2 перес. · 28 ч 10 мин · a/к 2S,,
2026-07-30 09:36,MOW,TSF,Через Ереван,EVN,15231,169,90.2051,2026-09,Ереван: 9 633 ₽ + 5 598 ₽,,
2026-07-30 09:36,MOW,TSF,Через Турцию,IST,16581,184,90.2051,2026-09,Стамбул IST: 10 036 ₽ + 6 545 ₽,,
2026-07-30 09:36,MOW,TSF,Через Белград,BEG,26866,298,90.2051,2026-09,Белград: 20 840 ₽ + 6 026 ₽,,
2026-07-30 09:36,LED,VCE,Любой маршрут (мин.),,17877,198,90.2051,2026-09,вылет 2026-09-24 · 2 перес. · 18 ч 45 мин · a/к VF,,
2026-07-30 09:36,LED,VCE,Через Ереван,EVN,19101,212,90.2051,2026-09,Ереван: 13 503 ₽ + 5 598 ₽,,
2026-07-30 09:36,LED,VCE,Через Турцию,IST,19257,213,90.2051,2026-09,Стамбул IST: 13 370 ₽ + 5 887 ₽,,
2026-07-30 09:36,LED,VCE,Через Белград,BEG,25739,285,90.2051,2026-09,Белград: 20 742 ₽ + 4 997 ₽,,
2026-07-30 09:36,LED,TSF,Любой маршрут (мин.),,23280,258,90.2051,2026-09,вылет 2026-09-28 · 2 перес. · 36 ч 25 мин · a/к VF,,
2026-07-30 09:36,LED,TSF,Через Ереван,EVN,19101,212,90.2051,2026-09,Ереван: 13 503 ₽ + 5 598 ₽,,
2026-07-30 09:36,LED,TSF,Через Турцию,IST,19915,221,90.2051,2026-09,Стамбул IST: 13 370 ₽ + 6 545 ₽,,
2026-07-30 09:36,LED,TSF,Через Белград,BEG,26768,297,90.2051,2026-09,Белград: 20 742 ₽ + 6 026 ₽,,
2026-07-30 20:38,MOW,VCE,Любой маршрут (мин.),,19468,214,90.8776,2026-09,вылет 2026-09-12 · 1 перес. · 29 ч 20 мин · a/к UT,,
2026-07-30 20:38,MOW,VCE,Через Ереван,EVN,15255,168,90.8776,2026-09,Ереван: 9 666 ₽ + 5 589 ₽,,
2026-07-30 20:38,MOW,VCE,Через Турцию,IST,15894,175,90.8776,2026-09,Стамбул IST: 10 007 ₽ + 5 887 ₽,,
2026-07-30 20:38,MOW,VCE,Через Белград,BEG,26034,286,90.8776,2026-09,Белград: 21 037 ₽ + 4 997 ₽,,
2026-07-30 20:38,MOW,TSF,Любой маршрут (мин.),,19755,217,90.8776,2026-09,вылет 2026-09-23 · 2 перес. · 18 ч 20 мин · a/к 2S,,
2026-07-30 20:38,MOW,TSF,Через Ереван,EVN,15255,168,90.8776,2026-09,Ереван: 9 666 ₽ + 5 589 ₽,,
2026-07-30 20:38,MOW,TSF,Через Турцию,IST,16552,182,90.8776,2026-09,Стамбул IST: 10 007 ₽ + 6 545 ₽,,
2026-07-30 20:38,MOW,TSF,Через Белград,BEG,27063,298,90.8776,2026-09,Белград: 21 037 ₽ + 6 026 ₽,,
2026-07-30 20:38,LED,VCE,Любой маршрут (мин.),,22727,250,90.8776,2026-09,вылет 2026-09-29 · 3 перес. · 38 ч 40 мин · a/к VF,,
2026-07-30 20:38,LED,VCE,Через Ереван,EVN,18960,209,90.8776,2026-09,Ереван: 13 371 ₽ + 5 589 ₽,,
2026-07-30 20:38,LED,VCE,Через Турцию,IST,20016,220,90.8776,2026-09,Стамбул IST: 14 129 ₽ + 5 887 ₽,,
2026-07-30 20:38,LED,VCE,Через Белград,BEG,25578,281,90.8776,2026-09,Белград: 20 581 ₽ + 4 997 ₽,,
2026-07-30 20:38,LED,TSF,Любой маршрут (мин.),,23431,258,90.8776,2026-09,вылет 2026-09-28 · 2 перес. · 36 ч 25 мин · a/к VF,,
2026-07-30 20:38,LED,TSF,Через Ереван,EVN,18960,209,90.8776,2026-09,Ереван: 13 371 ₽ + 5 589 ₽,,
2026-07-30 20:38,LED,TSF,Через Турцию,IST,20674,227,90.8776,2026-09,Стамбул IST: 14 129 ₽ + 6 545 ₽,,
2026-07-30 20:38,LED,TSF,Через Белград,BEG,26607,293,90.8776,2026-09,Белград: 20 581 ₽ + 6 026 ₽,,
2026-07-31 10:04,MOW,VCE,Любой маршрут (мин.),,19568,215,90.8776,2026-09,вылет 2026-09-29 · 2 перес. · 25 ч 40 мин · a/к 3F,,
2026-07-31 10:04,MOW,VCE,Через Ереван,EVN,15586,172,90.8776,2026-09,Ереван: 9 997 ₽ + 5 589 ₽,,
2026-07-31 10:04,MOW,VCE,Через Турцию,IST,15928,175,90.8776,2026-09,Стамбул IST: 10 041 ₽ + 5 887 ₽,,
2026-07-31 10:04,MOW,VCE,Через Белград,BEG,27069,298,90.8776,2026-09,Белград: 22 072 ₽ + 4 997 ₽,,
2026-07-31 10:04,MOW,TSF,Любой маршрут (мин.),,20131,222,90.8776,2026-09,вылет 2026-09-23 · 2 перес. · 18 ч 20 мин · a/к 2S,,
2026-07-31 10:04,MOW,TSF,Через Ереван,EVN,15586,172,90.8776,2026-09,Ереван: 9 997 ₽ + 5 589 ₽,,
2026-07-31 10:04,MOW,TSF,Через Турцию,IST,16586,183,90.8776,2026-09,Стамбул IST: 10 041 ₽ + 6 545 ₽,,
2026-07-31 10:04,MOW,TSF,Через Белград,BEG,28098,309,90.8776,2026-09,Белград: 22 072 ₽ + 6 026 ₽,,
2026-07-31 10:04,LED,VCE,Любой маршрут (мин.),,23016,253,90.8776,2026-09,вылет 2026-09-23 · 2 перес. · 22 ч 55 мин · a/к VF,,
2026-07-31 10:04,LED,VCE,Через Ереван,EVN,19116,210,90.8776,2026-09,Ереван: 13 527 ₽ + 5 589 ₽,,
2026-07-31 10:04,LED,VCE,Через Турцию,IST,20114,221,90.8776,2026-09,Стамбул IST: 14 227 ₽ + 5 887 ₽,,
2026-07-31 10:04,LED,VCE,Через Белград,BEG,22839,251,90.8776,2026-09,Белград: 17 842 ₽ + 4 997 ₽,,
2026-07-31 10:04,LED,TSF,Любой маршрут (мин.),,23433,258,90.8776,2026-09,вылет 2026-09-28 · 2 перес. · 36 ч 25 мин · a/к VF,,
2026-07-31 10:04,LED,TSF,Через Ереван,EVN,19116,210,90.8776,2026-09,Ереван: 13 527 ₽ + 5 589 ₽,,
2026-07-31 10:04,LED,TSF,Через Турцию,IST,20772,229,90.8776,2026-09,Стамбул IST: 14 227 ₽ + 6 545 ₽,,
2026-07-31 10:04,LED,TSF,Через Белград,BEG,23868,263,90.8776,2026-09,Белград: 17 842 ₽ + 6 026 ₽,,
2026-07-31 20:49,MOW,VCE,Любой маршрут (мин.),,19572,215,91.1925,2026-09,вылет 2026-09-26 · 1 перес. · 29 ч 20 мин · a/к UT,,
2026-07-31 20:49,MOW,VCE,Через Ереван,EVN,17593,193,91.1925,2026-09,Ереван: 11 603 ₽ + 5 990 ₽,,
2026-07-31 20:49,MOW,VCE,Через Турцию,IST,16250,178,91.1925,2026-09,Стамбул IST: 10 064 ₽ + 6 186 ₽,,
2026-07-31 20:49,MOW,VCE,Через Белград,BEG,26990,296,91.1925,2026-09,Белград: 21 993 ₽ + 4 997 ₽,,
2026-07-31 20:49,MOW,TSF,Любой маршрут (мин.),,21102,231,91.1925,2026-09,вылет 2026-09-29 · 2 перес. · 28 ч 10 мин · a/к 2S,,
2026-07-31 20:49,MOW,TSF,Через Ереван,EVN,17593,193,91.1925,2026-09,Ереван: 11 603 ₽ + 5 990 ₽,,
2026-07-31 20:49,MOW,TSF,Через Турцию,IST,16609,182,91.1925,2026-09,Стамбул IST: 10 064 ₽ + 6 545 ₽,,
2026-07-31 20:49,MOW,TSF,Через Белград,BEG,28019,307,91.1925,2026-09,Белград: 21 993 ₽ + 6 026 ₽,,
2026-07-31 20:49,LED,VCE,Любой маршрут (мин.),,22944,252,91.1925,2026-09,вылет 2026-09-23 · 2 перес. · 18 ч 45 мин · a/к VF,,
2026-07-31 20:49,LED,VCE,Через Ереван,EVN,21319,234,91.1925,2026-09,Ереван: 15 329 ₽ + 5 990 ₽,,
2026-07-31 20:49,LED,VCE,Через Турцию,IST,20597,226,91.1925,2026-09,Стамбул IST: 14 411 ₽ + 6 186 ₽,,
2026-07-31 20:49,LED,VCE,Через Белград,BEG,25889,284,91.1925,2026-09,Белград: 20 892 ₽ + 4 997 ₽,,
2026-07-31 20:49,LED,TSF,Любой маршрут (мин.),,23433,257,91.1925,2026-09,вылет 2026-09-28 · 2 перес. · 36 ч 25 мин · a/к VF,,
2026-07-31 20:49,LED,TSF,Через Ереван,EVN,21319,234,91.1925,2026-09,Ереван: 15 329 ₽ + 5 990 ₽,,
2026-07-31 20:49,LED,TSF,Через Турцию,IST,20956,230,91.1925,2026-09,Стамбул IST: 14 411 ₽ + 6 545 ₽,,
2026-07-31 20:49,LED,TSF,Через Белград,BEG,26918,295,91.1925,2026-09,Белград: 20 892 ₽ + 6 026 ₽,,
2026-08-01 07:53,MOW,VCE,Любой маршрут (мин.),,19069,209,91.1925,2026-09,вылет 2026-09-12 · 1 перес. · 30 ч 0 мин · a/к 3F,,
2026-08-01 07:53,MOW,VCE,Через Ереван,EVN,16485,181,91.1925,2026-09,Ереван: 10 541 ₽ + 5 944 ₽,,
2026-08-01 07:53,MOW,VCE,Через Турцию,IST,16357,179,91.1925,2026-09,Стамбул IST: 10 120 ₽ + 6 237 ₽,,
2026-08-01 07:53,MOW,VCE,Через Белград,BEG,26029,285,91.1925,2026-09,Белград: 21 032 ₽ + 4 997 ₽,,
2026-08-01 07:53,MOW,TSF,Любой маршрут (мин.),,22265,244,91.1925,2026-09,вылет 2026-09-27 · 2 перес. · 28 ч 10 мин · a/к 2S,,
2026-08-01 07:53,MOW,TSF,Через Ереван,EVN,16741,184,91.1925,2026-09,Ереван: 10 541 ₽ + 6 200 ₽,,
2026-08-01 07:53,MOW,TSF,Через Турцию,IST,16665,183,91.1925,2026-09,Стамбул IST: 10 120 ₽ + 6 545 ₽,,
2026-08-01 07:53,MOW,TSF,Через Белград,BEG,27058,297,91.1925,2026-09,Белград: 21 032 ₽ + 6 026 ₽,,
2026-08-01 07:53,LED,VCE,Любой маршрут (мин.),,23023,252,91.1925,2026-09,вылет 2026-09-23 · 2 перес. · 18 ч 45 мин · a/к VF,,
2026-08-01 07:53,LED,VCE,Через Ереван,EVN,20032,220,91.1925,2026-09,Ереван: 14 088 ₽ + 5 944 ₽,,
2026-08-01 07:53,LED,VCE,Через Турцию,IST,20724,227,91.1925,2026-09,Стамбул IST: 14 487 ₽ + 6 237 ₽,,
2026-08-01 07:53,LED,VCE,Через Белград,BEG,26149,287,91.1925,2026-09,Белград: 21 152 ₽ + 4 997 ₽,,
2026-08-01 07:53,LED,TSF,Любой маршрут (мин.),,23433,257,91.1925,2026-09,вылет 2026-09-28 · 2 перес. · 36 ч 25 мин · a/к VF,,
2026-08-01 07:53,LED,TSF,Через Ереван,EVN,20288,222,91.1925,2026-09,Ереван: 14 088 ₽ + 6 200 ₽,,
2026-08-01 07:53,LED,TSF,Через Турцию,IST,21032,231,91.1925,2026-09,Стамбул IST: 14 487 ₽ + 6 545 ₽,,
2026-08-01 07:53,LED,TSF,Через Белград,BEG,27178,298,91.1925,2026-09,Белград: 21 152 ₽ + 6 026 ₽,,
2026-08-01 11:49,MOW,VCE,Любой маршрут (мин.),,19069,209,91.1925,2026-09,вылет 2026-09-12 · 1 перес. · 30 ч 0 мин · a/к 3F,,
2026-08-01 11:49,MOW,VCE,Через Ереван,EVN,16817,184,91.1925,2026-09,Ереван: 10 617 ₽ + 6 200 ₽,,
2026-08-01 11:49,MOW,VCE,Через Турцию,IST,17537,192,91.1925,2026-09,Стамбул IST: 11 300 ₽ + 6 237 ₽,,
2026-08-01 11:49,MOW,VCE,Через Белград,BEG,26030,285,91.1925,2026-09,Белград: 21 033 ₽ + 4 997 ₽,,
2026-08-01 11:49,MOW,TSF,Любой маршрут (мин.),,21453,235,91.1925,2026-09,вылет 2026-09-27 · 2 перес. · 28 ч 10 мин · a/к 2S,,
2026-08-01 11:49,MOW,TSF,Через Ереван,EVN,16817,184,91.1925,2026-09,Ереван: 10 617 ₽ + 6 200 ₽,,
2026-08-01 11:49,MOW,TSF,Через Турцию,IST,17845,196,91.1925,2026-09,Стамбул IST: 11 300 ₽ + 6 545 ₽,,
2026-08-01 11:49,MOW,TSF,Через Белград,BEG,27059,297,91.1925,2026-09,Белград: 21 033 ₽ + 6 026 ₽,,
2026-08-01 11:49,LED,VCE,Любой маршрут (мин.),,23023,252,91.1925,2026-09,вылет 2026-09-23 · 2 перес. · 18 ч 45 мин · a/к VF,,
2026-08-01 11:49,LED,VCE,Через Ереван,EVN,20282,222,91.1925,2026-09,Ереван: 14 082 ₽ + 6 200 ₽,,
2026-08-01 11:49,LED,VCE,Через Турцию,IST,20982,230,91.1925,2026-09,Стамбул IST: 14 745 ₽ + 6 237 ₽,,
2026-08-01 11:49,LED,VCE,Через Белград,BEG,26108,286,91.1925,2026-09,Белград: 21 111 ₽ + 4 997 ₽,,
2026-08-01 11:49,LED,TSF,Любой маршрут (мин.),,23433,257,91.1925,2026-09,вылет 2026-09-28 · 2 перес. · 36 ч 25 мин · a/к VF,,
2026-08-01 11:49,LED,TSF,Через Ереван,EVN,20282,222,91.1925,2026-09,Ереван: 14 082 ₽ + 6 200 ₽,,
2026-08-01 11:49,LED,TSF,Через Турцию,IST,21290,233,91.1925,2026-09,Стамбул IST: 14 745 ₽ + 6 545 ₽,,
2026-08-01 11:49,LED,TSF,Через Белград,BEG,27137,298,91.1925,2026-09,Белград: 21 111 ₽ + 6 026 ₽,,
2026-08-01 20:12,MOW,VCE,Любой маршрут (мин.),,19677,216,91.1925,2026-09,вылет 2026-09-12 · 1 перес. · 30 ч 0 мин · a/к 3F,,
2026-08-01 20:12,MOW,VCE,Через Ереван,EVN,16948,186,91.1925,2026-09,Ереван: 10 551 ₽ + 6 397 ₽,,
2026-08-01 20:12,MOW,VCE,Через Турцию,IST,17452,191,91.1925,2026-09,Стамбул IST: 11 300 ₽ + 6 152 ₽,,
2026-08-01 20:12,MOW,VCE,Через Белград,BEG,26396,289,91.1925,2026-09,Белград: 20 906 ₽ + 5 490 ₽,,
2026-08-01 20:12,MOW,TSF,Любой маршрут (мин.),,21794,239,91.1925,2026-09,вылет 2026-09-27 · 3 перес. · 33 ч 35 мин · a/к 3F,,
2026-08-01 20:12,MOW,TSF,Через Ереван,EVN,17133,188,91.1925,2026-09,Ереван: 10 551 ₽ + 6 582 ₽,,
2026-08-01 20:12,MOW,TSF,Через Турцию,IST,17845,196,91.1925,2026-09,Стамбул IST: 11 300 ₽ + 6 545 ₽,,
2026-08-01 20:12,MOW,TSF,Через Белград,BEG,26932,295,91.1925,2026-09,Белград: 20 906 ₽ + 6 026 ₽,,
2026-08-01 20:12,LED,VCE,Любой маршрут (мин.),,23055,253,91.1925,2026-09,вылет 2026-09-17 · 2 перес. · 18 ч 45 мин · a/к VF,,
2026-08-01 20:12,LED,VCE,Через Ереван,EVN,20494,225,91.1925,2026-09,Ереван: 14 097 ₽ + 6 397 ₽,,
2026-08-01 20:12,LED,VCE,Через Турцию,IST,20225,222,91.1925,2026-09,Стамбул IST: 14 073 ₽ + 6 152 ₽,,
2026-08-01 20:12,LED,VCE,Через Белград,BEG,26601,292,91.1925,2026-09,Белград: 21 111 ₽ + 5 490 ₽,,
2026-08-01 20:12,LED,TSF,Любой маршрут (мин.),,23657,259,91.1925,2026-09,вылет 2026-09-24 · 2 перес. · 27 ч 20 мин · a/к VF,,
2026-08-01 20:12,LED,TSF,Через Ереван,EVN,20679,227,91.1925,2026-09,Ереван: 14 097 ₽ + 6 582 ₽,,
2026-08-01 20:12,LED,TSF,Через Турцию,IST,20618,226,91.1925,2026-09,Стамбул IST: 14 073 ₽ + 6 545 ₽,,
2026-08-01 20:12,LED,TSF,Через Белград,BEG,27137,298,91.1925,2026-09,Белград: 21 111 ₽ + 6 026 ₽,,
2026-08-02 07:54,MOW,VCE,Любой маршрут (мин.),,19086,209,91.1925,2026-09,вылет 2026-09-12 · 1 перес. · 30 ч 0 мин · a/к 3F,,
2026-08-02 07:54,MOW,VCE,Через Ереван,EVN,17134,188,91.1925,2026-09,Ереван: 10 553 ₽ + 6 581 ₽,,
2026-08-02 07:54,MOW,VCE,Через Турцию,IST,17454,191,91.1925,2026-09,Стамбул IST: 11 302 ₽ + 6 152 ₽,,
2026-08-02 07:54,MOW,VCE,Через Белград,BEG,26262,288,91.1925,2026-09,Белград: 20 772 ₽ + 5 490 ₽,,
2026-08-02 07:54,MOW,TSF,Любой маршрут (мин.),,21794,239,91.1925,2026-09,вылет 2026-09-27 · 3 перес. · 33 ч 35 мин · a/к 3F,,
2026-08-02 07:54,MOW,TSF,Через Ереван,EVN,17134,188,91.1925,2026-09,Ереван: 10 553 ₽ + 6 581 ₽,,
2026-08-02 07:54,MOW,TSF,Через Турцию,IST,17847,196,91.1925,2026-09,Стамбул IST: 11 302 ₽ + 6 545 ₽,,
2026-08-02 07:54,MOW,TSF,Через Белград,BEG,26798,294,91.1925,2026-09,Белград: 20 772 ₽ + 6 026 ₽,,
2026-08-02 07:54,LED,VCE,Любой маршрут (мин.),,23026,252,91.1925,2026-09,вылет 2026-09-25 · 2 перес. · 18 ч 45 мин · a/к VF,,
2026-08-02 07:54,LED,VCE,Через Ереван,EVN,20634,226,91.1925,2026-09,Ереван: 14 053 ₽ + 6 581 ₽,,
2026-08-02 07:54,LED,VCE,Через Турцию,IST,20899,229,91.1925,2026-09,Стамбул IST: 14 747 ₽ + 6 152 ₽,,
2026-08-02 07:54,LED,VCE,Через Белград,BEG,28032,307,91.1925,2026-09,Белград: 22 542 ₽ + 5 490 ₽,,
2026-08-02 07:54,LED,TSF,Любой маршрут (мин.),,23657,259,91.1925,2026-09,вылет 2026-09-24 · 2 перес. · 27 ч 20 мин · a/к VF,,
2026-08-02 07:54,LED,TSF,Через Ереван,EVN,20634,226,91.1925,2026-09,Ереван: 14 053 ₽ + 6 581 ₽,,
2026-08-02 07:54,LED,TSF,Через Турцию,IST,21292,233,91.1925,2026-09,Стамбул IST: 14 747 ₽ + 6 545 ₽,,
2026-08-02 07:54,LED,TSF,Через Белград,BEG,28568,313,91.1925,2026-09,Белград: 22 542 ₽ + 6 026 ₽,,
2026-08-02 09:52,MOW,VCE,Любой маршрут (мин.),,18790,206,91.1925,2026-09,вылет 2026-09-12 · 1 перес. · 29 ч 20 мин · a/к UT,,
2026-08-02 09:52,MOW,VCE,Через Ереван,EVN,17119,188,91.1925,2026-09,Ереван: 10 543 ₽ + 6 576 ₽,,
2026-08-02 09:52,MOW,VCE,Через Турцию,IST,17443,191,91.1925,2026-09,Стамбул IST: 11 291 ₽ + 6 152 ₽,,
2026-08-02 09:52,MOW,VCE,Через Белград,BEG,26430,290,91.1925,2026-09,Белград: 20 940 ₽ + 5 490 ₽,,
2026-08-02 09:52,MOW,TSF,Любой маршрут (мин.),,21436,235,91.1925,2026-09,вылет 2026-09-27 · 2 перес. · 28 ч 10 мин · a/к 2S,,
2026-08-02 09:52,MOW,TSF,Через Ереван,EVN,17119,188,91.1925,2026-09,Ереван: 10 543 ₽ + 6 576 ₽,,
2026-08-02 09:52,MOW,TSF,Через Турцию,IST,17836,196,91.1925,2026-09,Стамбул IST: 11 291 ₽ + 6 545 ₽,,
2026-08-02 09:52,MOW,TSF,Через Белград,BEG,26966,296,91.1925,2026-09,Белград: 20 940 ₽ + 6 026 ₽,,
2026-08-02 09:52,LED,VCE,Любой маршрут (мин.),,23023,252,91.1925,2026-09,вылет 2026-09-19 · 2 перес. · 18 ч 45 мин · a/к VF,,
2026-08-02 09:52,LED,VCE,Через Ереван,EVN,20680,227,91.1925,2026-09,Ереван: 14 104 ₽ + 6 576 ₽,,
2026-08-02 09:52,LED,VCE,Через Турцию,IST,20318,223,91.1925,2026-09,Стамбул IST: 14 166 ₽ + 6 152 ₽,,
2026-08-02 09:52,LED,VCE,Через Белград,BEG,27737,304,91.1925,2026-09,Белград: 22 247 ₽ + 5 490 ₽,,
2026-08-02 09:52,LED,TSF,Любой маршрут (мин.),,23657,259,91.1925,2026-09,вылет 2026-09-24 · 2 перес. · 27 ч 20 мин · a/к VF,,
2026-08-02 09:52,LED,TSF,Через Ереван,EVN,20680,227,91.1925,2026-09,Ереван: 14 104 ₽ + 6 576 ₽,,
2026-08-02 09:52,LED,TSF,Через Турцию,IST,20711,227,91.1925,2026-09,Стамбул IST: 14 166 ₽ + 6 545 ₽,,
2026-08-02 09:52,LED,TSF,Через Белград,BEG,28273,310,91.1925,2026-09,Белград: 22 247 ₽ + 6 026 ₽,,
